from_city_code,to_city_code,real_value
230900,230800,4.77
230900,230500,2.719444444
230900,230100,8.001944444
230900,231000,1.920833333
230900,231200,0.110277778
230900,230300,6.049444444
230900,231100,0.001111111
469006,460200,29.18166667
469006,469029,0.185
469006,460400,5.050277778
469006,469005,4.210277778
469006,460100,21.30277778
469006,469002,20.94361111
469006,469028,21.90611111
460200,469006,21.84888889
460200,460300,0.001111111
460200,469007,10.20972222
460200,469027,38.7675
460200,469001,9.645833333
460200,469029,29.68
460200,460400,7.2875
460200,469005,2.819166667
460200,469026,1.235277778
460200,460100,29.07972222
460200,469023,0.979444444
460200,469030,0.070277778
460200,469002,9.043888889
460200,469028,97.79611111
350400,350700,35.53222222
350400,350200,28.23805556
350400,350900,5.289166667
350400,350500,62.13472222
350400,350600,10.66916667
350400,350100,42.19527778
350400,350300,14.30138889
350400,350800,21.06611111
411200,410300,78.98305556
411200,410100,31.99638889
310000,320100,17.855
310000,320600,347.0888889
310000,340100,5.278888889
310000,330400,619.9363889
310000,330200,74.44944444
310000,340800,1.782222222
310000,320400,35.48833333
310000,320200,167.0725
310000,330100,210.7805556
310000,321200,7.6975
310000,330500,51.20722222
310000,320900,12.04833333
310000,330600,1.681666667
310000,330900,4.190833333
310000,340200,0.802777778
310000,320500,2606.735
361100,360400,32.66583333
361100,360100,108.2383333
361100,360800,8.342777778
361100,360900,16.78111111
361100,361000,46.55888889
361100,360500,3.185555556
361100,360200,100.2927778
361100,360300,3.671111111
361100,360700,13.81388889
361100,330700,18.0925
361100,360600,60.33916667
469007,460200,10.12861111
469007,469027,11.18805556
469007,460400,6.9275
469007,469026,7.620277778
469007,460100,9.873055556
441900,442000,512.9752778
441900,445300,4.257777778
441900,440600,1305.809167
441900,440100,5139.891111
441900,441300,3771.276667
441900,445200,9.293333333
441900,441400,17.65666667
441900,431100,1.173888889
441900,441500,0.681666667
441900,440700,213.0322222
441900,441600,44.32694444
441900,440300,12223.65556
441900,441800,50.69222222
441900,440800,12.31444444
441900,0,1.166111111
441900,440400,169.0544444
441900,441200,94.13138889
441900,440900,55.88083333
441900,430500,1.3275
441900,441700,1.891666667
441900,440200,1.895555556
441900,0,0.506111111
370500,370100,33.98888889
370500,370300,47.44083333
370500,371600,120.4116667
370500,370700,100.6291667
370500,370200,8.489166667
640500,640300,48.83666667
640500,640400,24.80555556
640500,640200,4.835
640500,640100,42.05055556
442000,441900,468.4902778
442000,440600,2102.258611
442000,440100,1529.060278
442000,441300,60.15
442000,440700,921.6441667
442000,440300,407.9297222
442000,440800,1.459444444
442000,0,3.665
442000,440400,2275.77
442000,441200,60.36166667
442000,440900,5.529444444
442000,0,0.138888889
0,620100,33.81361111
0,620500,0.966111111
0,621100,11.66166667
0,620600,0.475277778
0,0,7.786944444
0,620400,1.449444444
0,620900,0.043055556
0,621200,0.110833333
141000,141100,27.47027778
141000,140200,1.875833333
141000,140100,34.54944444
141000,140900,3.738888889
141000,140700,36.06694444
141000,140500,14.68722222
141000,140600,1.055277778
141000,140800,119.2980556
141000,140400,23.86055556
141000,140300,1.401944444
371300,371100,181.7722222
371300,370400,102.0397222
371300,370900,72.67861111
371300,370100,99.105
371300,370800,87.32333333
371300,370300,46.84777778
371300,371600,2.572222222
371300,370700,111.3702778
371300,370600,2.8
371300,371700,24.73222222
371300,370200,86.20083333
530900,530500,7.515
530900,0,8.167222222
530900,0,0.048055556
530900,530100,8.391944444
530900,530800,8.014722222
530900,530400,0.022222222
530900,0,1.166666667
469024,460400,15.94527778
469024,460100,23.75277778
469024,469023,8.777777778
210600,210200,16.57861111
210600,210500,7.914444444
210600,210100,14.24527778
210600,210300,10.08666667
331100,331000,22.97888889
331100,330400,1.236666667
331100,330200,11.10388889
331100,330100,25.64194444
331100,330300,126.0638889
331100,330600,8.1425
331100,330800,20.03611111
331100,330700,82.91805556
530700,530500,0.134166667
530700,0,38.16027778
530700,0,0.023888889
530700,530100,7.335
530700,0,0.301111111
530700,0,10.57194444
150900,150300,0.800833333
150900,152200,0.636944444
150900,150200,16.70805556
150900,150700,0.226666667
150900,150100,70.72972222
150900,150800,4.219444444
150900,150400,4.207222222
150900,150500,1.439722222
150900,150600,9.871111111
150900,152500,14.39472222
150900,152900,0.272777778
150300,150900,0.511111111
150300,150200,1.97
150300,150700,0.000277778
150300,150100,1.893333333
150300,150800,8.446666667
150300,150400,0.019166667
150300,150600,29.82194444
150300,152900,10.6575
650100,659004,47.43138889
650100,0,12.85861111
650100,650200,6.5225
650100,659005,0.030555556
650100,0,3.003333333
650100,650400,19.65083333
650100,653200,1.030277778
650100,650500,7.526944444
650100,653100,1.874444444
650100,654200,11.33416667
650100,0,9.968888889
650100,0,218.7675
650100,659001,18.91888889
650100,652900,3.882222222
650100,654300,3.713333333
469027,460200,37.91222222
469027,469007,12.41333333
469027,469001,0.192777778
469027,460400,3.251388889
469027,460100,12.82583333
511100,0,4.360555556
511100,511500,50.48388889
511100,510100,323.2886111
511100,511400,203.3066667
511100,510300,39.08694444
511100,500000,3.414444444
511100,511800,10.24027778
360400,361100,24.975
360400,360100,179.4769444
360400,360800,9.233611111
360400,360900,29.96555556
360400,361000,8.645277778
360400,360500,3.899166667
360400,360200,19.94361111
360400,360300,3.417777778
360400,360700,9.183888889
360400,360600,2.388333333
445300,441900,33.24805556
445300,442000,15.9375
445300,440600,146.3488889
445300,440100,109.3361111
445300,440300,15.40944444
445300,441200,82.66333333
445300,440900,19.305
445300,441700,0.538055556
659004,650100,32.565
659004,0,14.87166667
469001,460200,7.951666667
469001,469027,0.993333333
469001,469029,4.159444444
469001,460100,4.5475
469001,469028,0.020555556
341600,341500,1.4875
341600,340100,47.59694444
341600,341300,33.69527778
341600,340600,33.50722222
341600,340400,32.90166667
341600,341100,3.791111111
341600,340200,0.313333333
341600,340300,40.87694444
341600,341200,140.7294444
429004,421200,0.613888889
429004,429006,32.82416667
429004,420900,23.47472222
429004,420500,1.952222222
429004,0,0.365555556
429004,420100,101.7508333
429004,429005,22.68944444
429004,421000,46.33527778
429004,420800,2.836944444
230700,230800,2.915555556
230700,230500,0.06
230700,230100,6.080555556
230700,230600,0.076388889
230700,231000,0.024166667
230700,231200,5.218333333
230700,230400,2.878055556
230700,231100,1.016111111
230700,230200,0.794722222
0,650100,8.977222222
0,650200,6.467222222
0,0,4.436111111
0,659008,11.83805556
0,654200,14.28194444
0,0,1.423611111
0,0,2.086111111
0,659001,2.11
0,652900,0.073333333
0,654300,0.552777778
440600,441900,1367.069167
440600,442000,2342.897778
440600,445300,114.3325
440600,440100,11631.80444
440600,441300,231.2363889
440600,440700,1832.43
440600,440300,705.7208333
440600,441800,223.7622222
440600,440800,31.61916667
440600,0,1.633888889
440600,440400,248.4075
440600,441200,1756.214444
440600,440900,43.94222222
440600,450800,4.3075
440600,441700,9.013055556
440600,440200,10.50222222
440600,0,0.170833333
230800,230900,4.781111111
230800,230700,2.280277778
230800,230500,22.06805556
230800,230100,18.41166667
230800,232700,0.003333333
230800,230600,0.595277778
230800,231000,1.436388889
230800,231200,1.563611111
230800,230300,2.889722222
230800,230400,15.35777778
230800,231100,0.332777778
230800,230200,0.56
469029,460200,25.94555556
469029,469001,6.482222222
469029,460100,2.312222222
469029,469028,7.7075
130600,110000,482.4680556
130600,130200,73.13277778
130600,120000,105.2388889
130600,131000,361.3683333
130600,130700,107.2755556
130600,130800,10.42
130600,130900,279.0522222
130600,130100,434.9163889
130600,130300,11.00388889
130600,131100,114.3827778
130600,130500,49.32888889
130600,130400,52.92111111
530500,530900,8.183611111
530500,0,17.30583333
530500,0,34.57972222
530500,0,6.155833333
530500,530100,12.66138889
530500,0,0.068611111
411500,411300,35.02555556
411500,411600,11.41305556
411500,410100,39.67138889
411500,411700,96.71861111
460400,469006,4.545833333
460400,460200,7.911666667
460400,469007,9.5175
460400,469024,13.0425
460400,469027,2.789722222
460400,469022,0.398055556
460400,469026,11.28805556
460400,460100,42.58666667
460400,469023,9.373333333
460400,469030,3.573333333
460400,469002,3.695833333
460400,469025,11.09972222
0,653100,10.03138889
650200,650100,6.581388889
650200,0,6.688888889
650200,654200,11.34333333
650200,0,2.292222222
650200,659001,0.358611111
650200,654300,2.0925
341500,341600,2.874444444
341500,340100,423.8788889
341500,340800,45.12305556
341500,341700,0.731111111
341500,340400,42.86111111
341500,341100,11.23888889
341500,340200,6.071111111
341500,341200,49.30944444
341500,340500,0.208333333
341500,341000,0.030277778
520200,520400,38.13861111
520200,520500,76.85888889
520200,520100,34.91805556
520200,520300,5.667222222
520200,520600,2.274166667
520200,0,2.227777778
520200,0,5.702222222
520200,0,33.03666667
620100,0,42.09888889
620100,620200,1.541944444
620100,620500,16.01388889
620100,621100,52.35361111
620100,620800,13.15777778
620100,621000,3.739166667
620100,620700,5.761111111
620100,620600,27.215
620100,0,5.305833333
620100,620400,71.03861111
620100,620900,4.433888889
620100,620300,4.333055556
620100,621200,5.393333333
152200,150900,0.309722222
152200,150200,0.041111111
152200,150700,9.868888889
152200,150100,0.853333333
152200,150800,0.001111111
152200,150400,3.817777778
152200,150500,13.345
152200,150600,0.014722222
152200,152500,2.926666667
511000,511100,0.923333333
511000,511500,32.18305556
511000,510100,297.2408333
511000,510500,99.17722222
511000,511400,45.31111111
511000,510300,206.42
511000,512000,86.19555556
511000,500000,49.7625
0,510100,43.09305556
0,510400,38.67666667
0,0,0.0325
0,511800,12.77305556
150200,150900,11.17194444
150200,150300,2.306388889
150200,152200,0.130555556
150200,150700,0.099444444
150200,150100,45.29722222
150200,150800,26.68611111
150200,150400,0.779166667
150200,150500,0.299722222
150200,150600,50.87277778
150200,152500,1.093055556
150200,152900,0.833055556
110000,130600,329.1286111
110000,130200,51.44472222
110000,120000,338.1125
110000,131000,1536.974167
110000,130700,77.91805556
110000,130800,46.19388889
110000,130900,36.81166667
110000,130100,22.27861111
110000,130300,13.34916667
110000,131100,17.83972222
110000,130500,8.270277778
110000,130400,19.23944444
659005,654300,5.043055556
450500,450100,33.60277778
450500,451400,2.701111111
450500,450300,0.564444444
450500,450900,27.04916667
450500,451000,0.545
450500,450800,0.569166667
450500,450700,50.22222222
450500,450600,13.33555556
420300,420500,0.039722222
420300,420100,9.543333333
420300,420600,45.03027778
320100,310000,55.97055556
320100,341600,2.8875
320100,320600,56.72666667
320100,340100,9.359722222
320100,321300,62.24888889
320100,320400,336.1083333
320100,320300,38.3725
320100,321000,308.0141667
320100,320200,236.1477778
320100,330100,19.52972222
320100,321200,73.04555556
320100,320800,101.5372222
320100,341100,280.6380556
320100,320900,51.23444444
320100,320500,232.7722222
320100,320700,9.055833333
320100,321100,1018.310556
320100,341200,2.865
320100,340500,164.9372222
511300,511900,47.38888889
511300,510800,35.60833333
511300,511600,121.7944444
511300,510600,4.348888889
511300,510100,359.1444444
511300,510700,75.80333333
511300,511700,95.15333333
511300,510900,86.08777778
511300,500000,58.65361111
450100,450500,31.27333333
450100,451400,144.2888889
450100,451300,54.47166667
450100,450200,45.83
450100,450300,25.12027778
450100,450400,17.5
450100,451200,87.42722222
450100,450900,66.55861111
450100,451000,101.335
450100,450800,81.10944444
450100,451100,5.759444444
450100,450700,104.6536111
450100,450600,54.90027778
350700,350400,33.68305556
350700,350200,9.862777778
350700,350900,24.67805556
350700,350500,15.20527778
350700,350600,4.840555556
350700,350100,58.46583333
350700,350300,5.642222222
350700,350800,4.655555556
360100,361100,108.7419444
360100,360400,174.1408333
360100,360800,44.56916667
360100,360900,267.1027778
360100,361000,106.4288889
360100,360500,17.26777778
360100,360200,30.45333333
360100,360300,10.97277778
360100,360700,25.32833333
360100,360600,23.14416667
320600,310000,397.6144444
320600,320100,46.5925
320600,320400,29.5675
320600,321000,22.83194444
320600,320200,157.8652778
320600,321200,232.4886111
320600,320900,283.2419444
320600,320500,734.2016667
320600,320700,33.27861111
411300,411500,25.81583333
411300,411600,3.444444444
411300,410400,59.275
411300,410300,25.48055556
411300,411000,0.476388889
411300,410100,73.58222222
411300,411700,53.31861111
0,650100,3.992222222
0,0,8.859722222
0,659007,7.211388889
0,654200,1.64
0,0,0.027222222
350200,350400,17.06944444
350200,350700,6.667777778
350200,350900,5.452222222
350200,350500,691.4458333
350200,350600,756.8075
350200,350100,30.74444444
350200,350300,26.61666667
350200,350800,33.15722222
659007,0,9.762222222
230500,230900,2.476111111
230500,230700,0.008611111
230500,230800,22.67666667
230500,230100,4.719722222
230500,231000,0.541388889
230500,231200,0.460277778
230500,230300,3.631388889
230500,230400,1.479722222
230500,231100,0.010833333
230500,230200,0.032222222
659008,0,12.25638889
331000,331100,15.23388889
331000,330400,20.91
331000,330200,273.9888889
331000,330100,116.9958333
331000,330300,203.0088889
331000,330500,9.151111111
331000,330600,44.18416667
331000,330900,7.035833333
331000,330800,7.086388889
331000,330700,75.03444444
340100,310000,22.50916667
340100,341600,48.14
340100,341500,570.9227778
340100,320100,18.38472222
340100,340800,286.4138889
340100,341800,27.13305556
340100,341300,44.23277778
340100,330100,16.17916667
340100,341700,45.80972222
340100,340600,15.095
340100,340400,222.4847222
340100,341100,279.1416667
340100,340200,227.5077778
340100,320500,17.99861111
340100,340300,77.81861111
340100,340700,54.00583333
340100,341200,95.21916667
340100,340500,91.41527778
340100,341000,17.00722222
360800,361100,5.945
360800,360400,13.715
360800,360100,49.69638889
360800,360900,53.1075
360800,361000,21.98027778
360800,360500,25.13361111
360800,360200,0.205
360800,360300,16.88694444
360800,360700,91.03472222
360800,360600,2.154722222
220200,220300,4.997222222
220200,0,11.79555556
220200,220700,3.277777778
220200,220800,1.024444444
220200,220600,3.806666667
220200,220400,3.701944444
220200,220500,10.33055556
220200,220100,86.4075
650400,650100,36.18111111
650400,0,1.819444444
650400,653200,0.451111111
650400,650500,10.52916667
650400,653100,3.5825
650400,0,12.59777778
650400,0,5.463611111
650400,659001,0.055833333
650400,652900,6.9725
141100,141000,20.17888889
141100,140200,1.844166667
141100,140100,137.5072222
141100,140900,12.92833333
141100,140700,95.98527778
141100,140500,1.815833333
141100,140600,2.235
141100,140800,4.709444444
141100,140400,7.216111111
141100,140300,3.3275
640300,640500,58.1225
640300,640400,17.67972222
640300,640200,9.931944444
640300,640100,144.1591667
411600,411500,25.06666667
411600,411300,5.146666667
411600,411400,102.0136111
411600,410400,12.49277778
411600,410200,55.53638889
411600,410700,0.672222222
411600,410300,8.364722222
411600,411100,63.8
411600,411000,55.63027778
411600,410100,220.8238889
411600,411700,86.36
150700,150900,0.001388889
150700,152200,6.856666667
150700,150100,0.225
150700,150400,0.681666667
150700,150500,1.124722222
150700,150600,0.01
150700,152500,0.402777778
150100,150900,67.45861111
150100,150300,2.378611111
150100,152200,0.586111111
150100,150200,55.77083333
150100,150700,0.305555556
150100,150800,11.37305556
150100,150400,2.828888889
150100,150500,1.281111111
150100,150600,44.42555556
150100,152500,5.603055556
150100,152900,0.918888889
653200,650100,0.523611111
653200,653100,6.620555556
653200,0,4.420833333
653200,659009,2.144166667
653200,652900,2.313055556
653200,659002,0.018055556
421200,420900,8.735277778
421200,0,0.605277778
421200,420100,141.3583333
421200,421000,13.54805556
421200,421100,11.87277778
421200,420200,28.25
610400,611000,18.32055556
610400,610900,8.191666667
610400,610300,98.87027778
610400,610600,21.84972222
610400,610800,14.295
610400,610700,10.43388889
610400,610500,81.56583333
610400,610100,2744.467778
610400,610200,38.79
650500,650100,24.07222222
650500,0,1.5925
650500,650400,10.09583333
650500,653200,0.235833333
650500,653100,2.592222222
650500,0,5.056944444
650500,0,9.0825
650500,659001,0.032222222
650500,652900,3.374722222
230100,230900,11.135
230100,230700,9.011944444
230100,230800,26.725
230100,230500,8.491666667
230100,232700,0.725
230100,230600,33.67277778
230100,231000,15.51888889
230100,231200,120.1436111
230100,230300,8.741111111
230100,230400,4.795277778
230100,231100,7.984444444
230100,230200,17.325
130200,130600,54.235
130200,110000,52.86916667
130200,120000,412.4402778
130200,131000,109.625
130200,130700,5.663055556
130200,130800,96.61833333
130200,130900,116.5061111
130200,130100,23.57972222
130200,130300,255.3755556
130200,131100,9.775555556
130200,130500,4.238888889
130200,130400,11.41083333
411400,411600,104.3697222
411400,410200,79.18472222
411400,410700,2.104444444
411400,410300,2.086111111
411400,410100,123.5075
611000,610400,20.18888889
611000,610900,14.51027778
611000,610300,3.843333333
611000,610600,1.936111111
611000,610800,1.451388889
611000,610700,1.171388889
611000,610500,11.44555556
611000,610100,120.0061111
611000,610200,1.2225
653100,650100,1.215555556
653100,0,9.384722222
653100,650400,0.002222222
653100,653200,4.9525
653100,659003,6.040833333
653100,0,1.821944444
653100,0,0.002777778
653100,652900,7.688055556
330400,310000,797.7302778
330400,331100,5.596666667
330400,331000,32.26083333
330400,330200,247.9702778
330400,330100,2134.962778
330400,330300,22.66361111
330400,330500,344.5816667
330400,330600,209.1525
330400,330900,13.01444444
330400,320500,477.5161111
330400,330800,10.83361111
330400,330700,48.27361111
620200,620100,0.810277778
620200,620700,4.684444444
620200,620600,0.398333333
620200,620900,42.36972222
220300,220200,6.056111111
220300,0,0.894444444
220300,220700,15.06638889
220300,220800,6.985833333
220300,220600,2.031388889
220300,220400,10.44666667
220300,220500,4.596111111
220300,220100,81.50527778
640400,640500,19.12861111
640400,640300,10.72027778
640400,640200,1.445277778
640400,640100,15.71138889
659003,653100,3.102222222
654200,650100,13.65305556
654200,0,18.11138889
654200,650200,10.56666667
654200,0,4.0025
654200,0,8.685555556
654200,659001,20.88416667
654200,654300,2.378333333
232700,230100,0.476111111
232700,231200,0.007777778
232700,231100,0.641388889
232700,230200,0.504722222
140200,141000,0.864722222
140200,141100,1.709166667
140200,140100,15.14277778
140200,140900,17.65555556
140200,140700,2.798888889
140200,140500,0.044444444
140200,140600,92.32972222
140200,140800,0.644722222
140200,140400,0.775277778
140200,140300,0.455
230600,230900,0.003611111
230600,230700,0.435833333
230600,230800,0.617777778
230600,230500,0.034444444
230600,230100,27.32055556
230600,232700,0.388611111
230600,231000,0.553055556
230600,231200,48.78194444
230600,230300,0.226666667
230600,230400,0.005555556
230600,231100,1.657222222
230600,230200,25.45861111
0,530900,14.85833333
0,530700,46.98861111
0,530500,32.62555556
0,0,12.73027778
0,0,11.03361111
0,530100,61.24388889
0,530600,0.283055556
0,530800,5.211111111
0,530300,5.823888889
0,0,22.20666667
0,530400,2.238888889
0,0,1.9675
0,0,2.4
0,0,7.497222222
210200,210600,18.815
210200,210400,0.171666667
210200,211300,2.525
210200,210500,0.348333333
210200,210100,17.72027778
210200,211100,6.808611111
210200,210800,36.63777778
210200,211400,2.626944444
210200,211000,0.740555556
210200,211200,0.664722222
210200,210700,4.953333333
210200,210900,0.289722222
210200,210300,14.61166667
620500,0,2.856111111
620500,620100,19.28916667
620500,620200,0.022222222
620500,621100,19.72805556
620500,620800,11.62833333
620500,621000,1.128888889
620500,620700,0.017777778
620500,620600,1.041388889
620500,0,0.564722222
620500,620400,2.106666667
620500,620900,0.484722222
620500,621200,24.90777778
120000,130600,95.49027778
120000,110000,469.9391667
120000,130200,478.2430556
120000,131000,647.1216667
120000,130700,16.61361111
120000,130800,23.09972222
120000,130900,349.8369444
120000,130100,26.95444444
120000,130300,48.05583333
120000,131100,28.155
120000,130500,7.682777778
120000,130400,23.57361111
429006,429004,29.35722222
429006,420900,20.29916667
429006,420100,37.24611111
429006,429005,1.661666667
429006,421000,11.53638889
429006,420800,28.45444444
140100,141000,30.29638889
140100,141100,156.1405556
140100,140200,19.71861111
140100,140900,133.425
140100,140700,707.5963889
140100,140500,8.805555556
140100,140600,21.87972222
140100,140800,12.2925
140100,140400,33.34972222
140100,140300,34.17472222
371000,370600,96.91083333
371000,370200,28.33555556
431300,430600,0.785277778
431300,430700,5.098888889
431300,431200,21.72305556
431300,430200,9.511944444
431300,431100,0.536666667
431300,430300,44.77805556
431300,0,1.074722222
431300,430900,22.8325
431300,430400,21.88055556
431300,430500,70.19805556
431300,431000,0.319166667
431300,430100,132.1297222
420900,429004,22.0625
420900,420300,0.847222222
420900,421200,10.93
420900,429006,21.15083333
420900,420500,7.805833333
420900,420100,885.7572222
420900,421000,14.73138889
420900,420800,26.29555556
420900,420600,23.23055556
420900,420700,0.36
420900,421300,48.67277778
420900,421100,21.67805556
420900,420200,1.415833333
350900,350400,4.579722222
350900,350700,19.55444444
350900,350200,7.839722222
350900,350500,16.10444444
350900,350600,4.338333333
350900,350100,127.8977778
350900,350300,8.385277778
350900,350800,1.348888889
330200,310000,76.65888889
330200,331100,9.657222222
330200,331000,284.1938889
330200,330400,103.5358333
330200,330100,358.6622222
330200,330300,34.55611111
330200,330500,27.61111111
330200,330600,377.1205556
330200,330900,163.2458333
330200,330800,11.94111111
330200,330700,129.5086111
340800,310000,5.631666667
340800,341500,38.70194444
340800,340100,270.3619444
340800,330100,1.661944444
340800,341700,56.66805556
340800,340200,7.217777778
340800,340700,43.26138889
340800,341200,2.459444444
340800,341000,1.4625
610900,610400,11.36416667
610900,611000,6.341944444
610900,610300,1.155277778
610900,610600,1.231666667
610900,610800,1.597777778
610900,610700,35.06361111
610900,610500,5.843055556
610900,610100,62.38333333
610900,610200,0.7475
410500,410200,1.931111111
410500,410700,99.99
410500,410300,0.546111111
410500,410900,94.31111111
410500,410800,0.753888889
410500,410100,67.77277778
410500,410600,100.7358333
520400,520200,50.19777778
520400,520500,41.19055556
520400,520100,272.395
520400,520300,11.02555556
520400,520600,5.070277778
520400,0,6.767777778
520400,0,38.23444444
520400,0,49.57916667
469021,469006,0.240277778
469021,460200,0.409444444
469021,460400,0.125
469021,469022,1.401111111
469021,469005,0.149166667
469021,460100,42.08388889
469021,469023,5.171944444
469021,469002,10.06638889
621100,0,22.18083333
621100,620100,79.71638889
621100,620200,0.190277778
621100,620500,22.89861111
621100,620800,6.846666667
621100,621000,1.366666667
621100,620700,1.032222222
621100,620600,3.230555556
621100,0,6.710277778
621100,620400,13.83611111
621100,620900,1.661666667
621100,621200,10.31361111
511500,511100,46.235
511500,511000,6.719444444
511500,510100,145.5138889
511500,510500,143.325
511500,511400,1.248888889
511500,510300,115.8977778
511500,500000,29.00166667
420500,420300,0.868333333
420500,420900,2.395833333
420500,0,41.16944444
420500,420100,35.59972222
420500,429021,2.006944444
420500,421000,64.76277778
420500,420800,36.92083333
420500,420600,17.66555556
420500,421100,0.788611111
360900,361100,15.63416667
360900,360400,32.85833333
360900,360100,247.0925
360900,360800,54.77916667
360900,361000,24.51388889
360900,360500,58.7525
360900,360200,4.047777778
360900,360300,44.61444444
360900,360700,20.6275
360900,360600,5.828055556
610300,610400,71.28055556
610300,611000,1.601944444
610300,610900,1.034722222
610300,610600,1.813888889
610300,610800,1.624444444
610300,610700,13.29722222
610300,610500,7.074166667
610300,610100,107.4813889
610300,610200,1.433055556
341800,310000,14.6
341800,341600,0.588888889
341800,341500,1.6925
341800,340100,27.62861111
341800,340800,9.413333333
341800,330100,22.15472222
341800,341700,10.10111111
341800,330500,15.12666667
341800,340200,115.1716667
341800,320500,1.726388889
341800,340700,10.36888889
341800,341200,2.531388889
341800,340500,1.275555556
341800,341000,35.23666667
341300,341600,31.41
341300,340100,43.19694444
341300,340600,143.8283333
341300,341100,31.88583333
341300,340200,0.269166667
341300,340300,71.72083333
341300,341200,12.05277778
321300,320100,65.20861111
321300,320600,2.529722222
321300,320400,6.802777778
321300,320300,176.6886111
321300,321000,4.835555556
321300,320200,11.29916667
321300,320800,158.1958333
321300,320500,31.14611111
321300,320700,69.18972222
321300,321100,0.705555556
469022,469027,0.083888889
469022,460400,1.021111111
469022,469021,0.259722222
469022,460100,15.51722222
469022,469023,0.465277778
469022,469030,3.555277778
540500,540100,14.45166667
540500,540200,1.895
540500,540300,0.062777778
540500,540400,1.151111111
540500,540600,0.131944444
540500,542500,0.055277778
430600,431300,0.077777778
430600,430700,20.95944444
430600,430200,13.30277778
430600,430300,14.66027778
430600,0,0.270277778
430600,430900,39.64388889
430600,430400,12.10027778
430600,430500,0.368055556
430600,431000,2.354166667
430600,430100,316.8
451400,450500,0.860555556
451400,450100,105.0569444
451400,450900,0.054166667
451400,451000,24.24722222
451400,450700,8.188611111
451400,450600,10.55027778
511900,511300,33.59972222
511900,510800,11.08472222
511900,510100,50.09944444
511900,511700,34.00444444
150800,150900,2.808611111
150800,150300,8.688611111
150800,150200,25.60722222
150800,150700,0.004444444
150800,150100,10.005
150800,150400,0.353055556
150800,150500,0.052222222
150800,150600,13.28222222
150800,152500,0.365833333
150800,152900,6.070833333
0,650100,8.5175
0,0,2.954722222
0,650400,3.384722222
0,653200,11.11722222
0,650500,1.509166667
0,653100,7.868333333
0,0,0.170555556
0,659006,9.13
0,652900,24.04888889
0,659002,0.677777778
320400,310000,95.25194444
320400,320100,355.8588889
320400,320600,38.03388889
320400,321300,4.499722222
320400,320300,4.271944444
320400,321000,42.85055556
320400,320200,1945.199167
320400,321200,80.01527778
320400,320800,2.397222222
320400,320900,6.473611111
320400,320500,549.0586111
320400,321100,503.3638889
430700,431300,1.239166667
430700,430600,20.50722222
430700,430800,44.95166667
430700,431200,20.00472222
430700,430200,2.327777778
430700,430300,3.773333333
430700,0,24.10888889
430700,430900,56.92305556
430700,430400,2.156666667
430700,430500,1.350833333
430700,430100,151.8858333
620800,620100,20.6525
620800,620200,0.026111111
620800,620500,12.8975
620800,621100,4.322222222
620800,621000,19.27055556
620800,620700,0.025833333
620800,620600,1.555833333
620800,620400,5.816388889
620800,620900,0.488055556
620800,621200,0.947222222
410400,411300,84.91166667
410400,411600,3.873055556
410400,410200,0.138055556
410400,410300,82.36388889
410400,411100,44.90583333
410400,411000,89.045
410400,410100,134.6413889
410400,411700,31.325
510800,511300,26.92888889
510800,510100,52.85722222
510800,510700,35.14305556
511600,511300,126.5405556
511600,510100,77.31722222
511600,511700,70.64222222
511600,510900,0.231666667
511600,500000,234.6641667
440100,441900,5500.917778
440100,442000,1694.18
440100,445300,58.36416667
440100,440600,11677.95778
440100,441300,1521.555278
440100,445200,29.65361111
440100,441400,38.59472222
440100,440500,12.5475
440100,441500,6.581111111
440100,440700,829.6258333
440100,441600,58.26
440100,440300,2644.291111
440100,441800,965.6977778
440100,440800,70.60611111
440100,0,2.865277778
440100,440400,435.6227778
440100,441200,716.9022222
440100,440900,82.44666667
440100,430400,2.224722222
440100,441700,21.11111111
440100,440200,111.0622222
440100,0,0.859444444
621000,620100,3.243333333
621000,620500,0.958055556
621000,621100,0.322777778
621000,620800,12.51861111
621000,620400,0.409166667
621000,621200,0.012222222
131000,130600,376.53
131000,110000,1452.387222
131000,130200,116.6505556
131000,120000,617.1763889
131000,130700,37.20972222
131000,130800,25.42527778
131000,130900,250.275
131000,130100,49.72222222
131000,130300,20.23222222
131000,131100,51.12444444
131000,130500,13.43805556
131000,130400,23.25333333
610600,610400,11.23
610600,611000,1.760277778
610600,610900,0.671111111
610600,610300,1.555
610600,610800,73.61805556
610600,610700,1.263888889
610600,610500,14.94361111
610600,610100,42.42611111
610600,610200,9.955277778
0,220200,7.845277778
0,220300,0.601944444
0,220700,0.399166667
0,220800,0.176388889
0,220600,5.2075
0,220400,0.408055556
0,220500,1.499444444
0,220100,7.8525
410200,411600,69.69222222
410200,411400,90.62083333
410200,410700,62.51305556
410200,410300,8.958333333
410200,410800,1.023611111
410200,411000,48.44138889
410200,410100,864.0255556
130700,130600,74.19055556
130700,110000,75.30972222
130700,130200,9.352222222
130700,120000,7.576388889
130700,131000,20.45305556
130700,130800,16.83222222
130700,130900,6.050555556
130700,130100,12.60138889
130700,130300,1.704444444
130700,131100,5.017222222
130700,130500,0.2475
130700,130400,1.389166667
430800,430700,32.47055556
430800,0,28.01222222
430800,430100,17.97027778
620700,620100,6.205277778
620700,620200,8.946111111
620700,620500,0.205555556
620700,621100,0.520277778
620700,620800,0.077222222
620700,620600,10.43555556
620700,620400,0.623055556
620700,620900,27.9225
620700,620300,9.066111111
320300,320100,37.2975
320300,320600,2.086666667
320300,321300,156.545
320300,320400,3.926388889
320300,320200,5.718333333
320300,320800,16.08527778
320300,320500,25.19611111
320300,320700,58.10972222
0,530900,0.008611111
0,530700,0.005555556
0,530500,19.29944444
0,0,3.221666667
0,530100,5.120555556
0,0,0.003888889
0,0,0.004444444
371400,371300,0.232777778
371400,370900,16.78805556
371400,370100,720.0544444
371400,371600,65.20444444
371400,370700,11.01222222
371400,371500,136.2263889
371400,371700,0.510833333
371400,370200,1.276944444
510600,511100,0.363888889
510600,511300,24.36611111
510600,511900,0.945555556
510600,510800,2.240833333
510600,510100,2045.469167
510600,511400,20.89444444
510600,510700,319.9844444
510600,512000,1.462222222
510600,511700,0.57
510600,510900,52.17166667
510600,500000,9.900555556
510600,0,0.345833333
140900,141000,3.848888889
140900,141100,16.57305556
140900,140200,22.69333333
140900,140100,131.725
140900,140700,18.98916667
140900,140500,0.948611111
140900,140600,36.2075
140900,140800,2.169722222
140900,140400,3.357777778
140900,140300,10.23361111
431200,431300,14.68444444
431200,430700,15.99666667
431200,430800,0.965277778
431200,431100,0.406111111
431200,430300,0.268611111
431200,0,58.35222222
431200,430900,2.292222222
431200,430400,2.7275
431200,430500,38.38361111
431200,430100,28.95472222
0,530500,3.864722222
0,0,5.333888889
0,0,0.021111111
0,420500,31.53333333
0,420100,11.66138889
0,421000,3.514444444
0,500000,2.886111111
441300,441900,3738.994444
441300,442000,71.24166667
441300,440600,260.8480556
441300,440100,1631.014444
441300,445200,35.24
441300,441400,67.01666667
441300,440500,4.639444444
441300,441500,110.87
441300,440700,34.11222222
441300,441600,250.2972222
441300,440300,4503.793333
441300,0,0.001944444
441300,440400,33.88277778
441300,441200,31.20722222
441300,0,0.282222222
510100,511100,355.2605556
510100,511000,299.2491667
510100,0,45.86277778
510100,511300,302.8275
510100,511500,155.8086111
510100,511900,50.79916667
510100,510800,44.9875
510100,511600,68.79722222
510100,510600,1901.131944
510100,510400,11.83972222
510100,510500,100.7244444
510100,0,32.68777778
510100,511400,1791.444167
510100,510700,543.8269444
510100,510300,177.6663889
510100,512000,622.7875
510100,511700,93.42305556
510100,510900,267.7163889
510100,500000,131.4875
510100,0,92.7825
510100,511800,254.5180556
321000,310000,4.478611111
321000,320100,317.9361111
321000,320600,50.18388889
321000,321300,44.59555556
321000,320400,53.03055556
321000,320300,8.749444444
321000,320200,65.93361111
321000,321200,412.7227778
321000,320800,112.3944444
321000,320900,47.12833333
321000,320500,102.9166667
321000,321100,141.6755556
130800,130600,8.315
130800,110000,42.11027778
130800,130200,96.74555556
130800,120000,17.28444444
130800,131000,17.75055556
130800,130700,17.63694444
130800,130900,4.095
130800,130100,3.713888889
130800,130300,9.645
130800,131100,0.206388889
130800,130500,0.023333333
130800,130400,0.402777778
361000,361100,48.71055556
361000,360400,10.51555556
361000,360100,106.98
361000,360800,24.62111111
361000,360900,27.79111111
361000,360500,4.232777778
361000,360200,12.88444444
361000,360300,3.653333333
361000,360700,66.28861111
361000,360600,38.82027778
210400,210600,0.091111111
210400,210200,0.346111111
210400,210500,9.061111111
210400,210100,132.4513889
210400,211000,0.503888889
210400,211200,12.52444444
210400,210700,0.054722222
210400,210300,2.974444444
540100,540500,22.21083333
540100,540200,8.343055556
540100,540300,0.736944444
540100,540400,6.960555556
540100,540600,5.284166667
540100,542500,0.498055556
445200,441900,11.1675
445200,440100,38.03444444
445200,441300,6.375833333
445200,441400,28.08444444
445200,440500,498.7938889
445200,441500,19.03722222
445200,440300,41.67111111
445200,445100,135.8391667
510400,0,30.57472222
510400,510100,3.785555556
0,0,0.159722222
0,0,0.008611111
0,530100,24.04666667
0,530300,5.721666667
0,530400,1.5625
0,0,37.26138889
0,0,0.958888889
469005,469006,3.526666667
469005,460200,3.302222222
469005,460400,1.093333333
469005,469021,0.174444444
469005,460100,56.35194444
469005,469002,13.02777778
410700,411600,2.265277778
410700,410500,115.4611111
410700,410200,57.50833333
410700,410300,22.24916667
410700,410900,40.62805556
410700,410800,110.7688889
410700,410100,756.8475
410700,410600,52.91166667
360500,361100,3.369722222
360500,360400,4.326944444
360500,360100,17.91916667
360500,360800,28.52416667
360500,360900,61.71166667
360500,361000,4.259722222
360500,360300,8.144166667
360500,360700,7.348888889
320200,310000,289.3011111
320200,320100,219.4080556
320200,320600,184.8302778
320200,321300,10.23333333
320200,320400,1903.951944
320200,320300,6.414166667
320200,321000,53.73222222
320200,330100,6.831388889
320200,321200,327.8113889
320200,320800,17.02416667
320200,330500,3.191111111
320200,320900,75.29555556
320200,320500,3155.8675
320200,320700,2.125
320200,321100,156.4613889
540200,540500,1.146388889
540200,540100,5.65
540200,540300,0.042777778
540200,540400,0.148333333
540200,540600,0.334166667
540200,542500,1.387777778
371100,371300,176.6147222
371100,370700,80.70666667
371100,370600,0.461944444
371100,370200,119.1516667
530100,530900,12.98888889
530100,530700,8.722777778
530100,530500,14.95222222
530100,0,52.81
530100,0,8.685
530100,0,2.768611111
530100,0,28.16361111
530100,530600,61.11166667
530100,530800,22.40111111
530100,530300,310.6991667
530100,0,109.0247222
530100,530400,200.445
530100,0,102.9061111
530100,0,17.57083333
530100,0,1.799166667
659009,653200,0.053888889
0,650100,188.5488889
0,659004,21.16833333
0,0,7.525555556
0,650200,7.075555556
0,0,0.998888889
0,650400,3.922222222
0,650500,7.533055556
0,653100,0.009166667
0,654200,11.71416667
0,0,1.588888889
0,659001,28.38666667
0,652900,0.183611111
0,654300,4.630833333
469026,460200,0.725555556
469026,469007,9.754166667
469026,460400,9.310555556
469026,460100,6.946666667
540300,540500,0.589166667
540300,540100,7.467222222
540300,540200,0.488333333
540300,540400,11.25361111
540300,540600,0.825555556
540300,542500,0.088611111
530600,530700,0.014166667
530600,0,0.5975
530600,0,0.013611111
530600,530100,60.42666667
530600,530300,20.26305556
530600,530400,0.363611111
530600,0,1.311111111
530600,0,0.122777778
140700,141000,37.53444444
140700,141100,120.0686111
140700,140200,6.189166667
140700,140100,821.7305556
140700,140900,21.81194444
140700,140500,7.109444444
140700,140600,5.311944444
140700,140800,12.23361111
140700,140400,38.78666667
140700,140300,36.16444444
140500,141000,16.39583333
140500,141100,2.876666667
140500,140200,0.78
140500,140100,12.79361111
140500,140900,1.472777778
140500,140700,6.829166667
140500,140600,0.028611111
140500,140800,6.706666667
140500,140400,52.955
140500,140300,0.118055556
530800,530900,10.94138889
530800,0,4.913888889
530800,0,0.015833333
530800,530100,26.97138889
530800,530300,0.644722222
530800,530400,11.72
530800,0,6.1925
530800,0,38.90972222
360200,361100,94.56388889
360200,360400,21.53777778
360200,360100,28.61138889
360200,360800,0.583333333
360200,360900,3.385555556
360200,361000,12.11555556
360200,360300,0.009166667
360200,360700,3.401111111
360200,360600,8.097222222
530300,530900,0.393888889
530300,530700,0.748611111
530300,530500,1.964444444
530300,0,8.875555556
530300,0,0.380555556
530300,0,8.432777778
530300,530100,338.0027778
530300,530600,37.96083333
530300,530800,2.061666667
530300,0,8.184166667
530300,530400,14.67333333
530300,0,31.02583333
530300,0,2.945833333
140600,141000,0.819166667
140600,141100,2.671388889
140600,140200,99.94972222
140600,140100,21.13888889
140600,140900,33.835
140600,140700,3.728611111
140600,140800,0.359722222
140600,140400,0.738055556
140600,140300,0.039722222
211300,210200,2.913888889
211300,210100,17.89805556
211300,211100,3.361388889
211300,210800,0.160555556
211300,211400,25.78166667
211300,210700,27.65972222
211300,210900,11.22944444
211300,210300,0.280277778
210500,210600,13.03138889
210500,210200,0.283611111
210500,210400,7.6475
210500,210100,44.89583333
210500,211000,9.580555556
210500,210300,3.450555556
451300,450100,67.56305556
451300,450200,114.2563889
451300,450300,21.8525
451300,450400,0.473055556
451300,451200,19.94416667
451300,450900,10.00833333
451300,451000,1.043611111
451300,450800,34.02583333
330100,310000,213.1338889
330100,361100,5.007777778
330100,331100,31.01805556
330100,331000,131.3372222
330100,330400,2104.146667
330100,330200,453.4927778
330100,330300,58.30111111
330100,330500,1423.437778
330100,330600,2026.926389
330100,330900,17.47444444
330100,320500,107.4661111
330100,330800,101.8422222
330100,330700,777.9858333
220700,220200,3.815555556
220700,220300,17.56694444
220700,0,0.567777778
220700,220800,30.04694444
220700,220600,0.3825
220700,220400,0.850277778
220700,220500,0.8975
220700,220100,89.92083333
540400,540500,2.373888889
540400,540100,16.29666667
540400,540200,0.707222222
540400,540300,3.9725
540400,540600,0.086111111
540400,542500,0.054444444
0,630200,0.1025
0,0,0.037222222
0,0,0.570555556
0,0,2.452222222
0,0,1.284444444
0,630100,1.479722222
0,0,0.115833333
370400,371300,103.3555556
370400,370100,25.7425
370400,370800,128.1830556
370400,371700,0.321944444
370400,370200,1.542777778
450200,450500,1.510833333
450200,450100,56.31277778
450200,451400,0.521666667
450200,451300,118.1613889
450200,450300,75.0225
450200,450400,8.435833333
450200,451200,61.13027778
450200,450900,11.63833333
450200,451000,5.386111111
450200,450800,22.23527778
450200,451100,6.977777778
450200,450700,0.794444444
430200,431300,10.86472222
430200,430600,18.78722222
430200,430700,7.521944444
430200,431200,2.093055556
430200,431100,3.897777778
430200,430300,99.0125
430200,430900,10.44666667
430200,430400,54.25416667
430200,430500,12.16
430200,431000,31.04861111
430200,430100,426.7097222
450300,450500,2.314444444
450300,450100,34.64805556
450300,451400,0.058888889
450300,451300,19.36416667
450300,450200,69.86694444
450300,450400,18.65361111
450300,451200,8.815555556
450300,450900,9.702777778
450300,451000,0.561944444
450300,450800,13.09
450300,451100,38.31138889
441400,441900,19.92166667
441400,440600,3.336388889
441400,440100,57.13944444
441400,441300,12.64805556
441400,445200,56.67166667
441400,440500,1.014444444
441400,441600,5.110277778
441400,440300,56.74361111
441400,445100,1.140555556
450400,441900,5.674166667
450400,440600,5.768888889
450400,450500,0.036111111
450400,450100,29.61611111
450400,451400,0.504444444
450400,451300,6.669444444
450400,450200,11.29
450400,450300,20.45833333
450400,451200,5.981388889
450400,450900,46.17333333
450400,451000,5.180833333
450400,450800,61.08305556
450400,451100,32.85277778
450400,450700,6.569722222
0,530900,3.232777778
0,530700,5.536388889
0,530500,8.682222222
0,0,42.11083333
0,0,2.476388889
0,530100,128.0422222
0,530600,0.622777778
0,530300,9.001666667
0,530400,9.986666667
0,0,3.108611111
610800,610400,4.221944444
610800,611000,0.801388889
610800,610900,0.414166667
610800,610300,0.808611111
610800,610600,42.24138889
610800,610700,0.802222222
610800,610500,3.005833333
610800,610100,17.20527778
610800,610200,2.162222222
620600,0,1.135
620600,620100,24.8375
620600,620200,2.580833333
620600,620500,1.233611111
620600,621100,2.146111111
620600,620800,1.263333333
620600,621000,0.030277778
620600,620700,14.08722222
620600,620400,6.336666667
620600,620900,7.355277778
620600,620300,23.03111111
620600,621200,0.184444444
420100,429004,79.82
420100,420300,11.2
420100,421200,145.3097222
420100,429006,34.69305556
420100,420900,796.7061111
420100,420500,30.48305556
420100,0,10.25444444
420100,429005,21.42555556
420100,429021,0.44
420100,421000,96.44583333
420100,420800,57.83083333
420100,420600,41.41388889
420100,420700,188.8722222
420100,421300,51.02527778
420100,421100,550.4122222
420100,420200,110.6225
520500,520200,73.61055556
520500,520400,40.15111111
520500,520100,196.4652778
520500,520300,59.81722222
520500,520600,5.694444444
520500,0,4.901388889
520500,0,15.99527778
520500,0,8.349722222
431100,441900,16.56944444
431100,431300,5.505277778
431100,430700,1.168888889
431100,431200,5.633333333
431100,0,0.264722222
431100,430900,0.544444444
431100,430400,49.52888889
431100,430500,54.68777778
431100,431000,42.69638889
431100,430100,29.0125
610700,610400,10.50416667
610700,611000,1.012777778
610700,610900,18.61166667
610700,610300,16.37666667
610700,610600,1.215833333
610700,610800,1.799166667
610700,610500,5.7175
610700,610100,47.65027778
610700,610200,0.726666667
440500,440100,10.33111111
440500,445200,396.2997222
440500,441400,2.028611111
440500,440300,6.720555556
440500,445100,245.2625
441500,441900,14.13527778
441500,440100,33.30916667
441500,441300,60.06222222
441500,445200,101.5738889
441500,440500,2.975
441500,440300,143.8319444
440700,441900,285.2158333
440700,442000,1076.186944
440700,440600,1730.219722
440700,440100,988.0208333
440700,441300,38.03055556
440700,440300,222.1875
440700,440800,47.86777778
440700,0,0.785
440700,440400,332.5663889
440700,441200,81.54555556
440700,440900,57.80361111
440700,441700,85.61111111
440700,0,0.043888889
341700,310000,1.8825
341700,340100,36.17833333
341700,340800,82.45527778
341700,341800,1.510555556
341700,340200,25.16555556
341700,340700,44.80916667
341700,341000,16.71111111
210100,210600,18.30472222
210100,210200,24.00972222
210100,210400,152.0730556
210100,211300,18.3025
210100,210500,51.43111111
210100,211100,43.01444444
210100,210800,35.2625
210100,211400,23.77777778
210100,211000,93.89861111
210100,211200,141.4191667
210100,210700,63.84833333
210100,210900,49.77194444
210100,210300,86.68361111
130900,130600,293.0622222
130900,110000,80.6
130900,130200,118.0572222
130900,120000,482.8572222
130900,131000,268.96
130900,130700,7.124722222
130900,130800,5.064166667
130900,130100,98.59
130900,130300,42.56083333
130900,131100,222.0066667
130900,130500,47.18194444
130900,130400,47.03694444
451200,450100,70.96722222
451200,451300,14.11722222
451200,450200,49.23527778
451200,450300,7.673888889
451200,450900,1.912777778
451200,451000,22.91083333
451200,450800,3.187777778
441600,441900,75.20722222
441600,440100,112.5916667
441600,441300,209.1191667
441600,441400,75.82861111
441600,440300,149.9447222
350500,350400,35.2825
350500,350700,12.34333333
350500,350200,689.3166667
350500,350900,11.25
350500,350600,85.36083333
350500,350100,85.31416667
350500,350300,108.1455556
350500,350800,19.00416667
370900,371300,90.58861111
370900,371400,23.35166667
370900,370400,1.498888889
370900,370100,608.4216667
370900,370800,141.4175
370900,370300,33.70361111
370900,370700,6.882777778
370900,371500,46.34111111
370900,371700,38.03888889
370900,370200,7.593611111
321200,310000,10.2575
321200,320100,94.52166667
321200,320600,309.5405556
321200,321300,3.584166667
321200,320400,111.4819444
321200,320300,0.693611111
321200,321000,396.7083333
321200,320200,372.4033333
321200,320800,21.13638889
321200,320900,346.5755556
321200,320500,275.6327778
321200,320700,0.868333333
321200,321100,45.10972222
510500,511000,84.44333333
510500,511500,174.3222222
510500,510100,103.9261111
510500,510300,84.97888889
510500,500000,95.35222222
410300,411200,86.12888889
410300,411300,22.36777778
410300,411600,0.365555556
410300,410400,66.74694444
410300,410200,0.694722222
410300,410700,4.669166667
410300,419001,44.51333333
410300,410800,61.005
410300,411000,0.495555556
410300,410100,207.2527778
370100,370500,47.85611111
370100,371300,96.76722222
370100,371400,726.9730556
370100,371100,1.548333333
370100,370400,29.11944444
370100,370900,537.1758333
370100,370800,139.4241667
370100,370300,189.7777778
370100,371600,157.9483333
370100,370700,103.5516667
370100,370600,23.28805556
370100,371500,167.8836111
370100,371700,92.79305556
370100,370200,46.55777778
370800,371300,88.36777778
370800,370400,125.8952778
370800,370900,123.9713889
370800,370100,127.3305556
370800,370700,6.234166667
370800,371500,29.50472222
370800,371700,219.5580556
370800,370200,21.02055556
419001,410300,39.96472222
419001,410800,38.09527778
419001,410100,6.638611111
630200,0,0.235277778
630200,0,1.644722222
630200,0,5.501111111
630200,0,5.816666667
630200,0,0.297222222
630200,630100,121.3902778
630200,0,6.278611111
0,0,0.036666667
0,630200,1.209722222
0,0,0.933888889
0,0,1.805
0,0,0.015555556
0,630100,9.889722222
0,0,0.082777778
0,0,1.726388889
0,630200,3.158333333
0,0,1.344166667
0,0,17.33638889
0,0,1.71
0,630100,20.11194444
0,0,1.308333333
460100,469006,20.82194444
460100,460200,37.77222222
460100,469007,10.54194444
460100,469024,20.95777778
460100,469027,13.10111111
460100,469001,4.581388889
460100,469029,2.882777778
460100,460400,41.16138889
460100,469021,38.82388889
460100,469022,14.74305556
460100,469005,69.56027778
460100,469026,7.77
460100,469023,117.9483333
460100,469030,8.401666667
460100,469002,34.76944444
460100,469025,3.764166667
460100,469028,12.75333333
0,0,1.403333333
0,630200,1.983055556
0,0,0.9175
0,0,7.54
0,0,1.150277778
0,630100,13.44583333
0,0,0.075833333
370300,370500,60.91277778
370300,371300,44.23666667
370300,371400,7.360277778
370300,370900,30.75805556
370300,370100,186.2186111
370300,370800,0.473333333
370300,371600,208.8902778
370300,370700,168.5433333
370300,370600,0.713888889
370300,370200,37.38
340600,341600,35.61638889
340600,340100,15.69777778
340600,341300,151.7438889
340600,340300,13.09861111
340400,341600,42.63916667
340400,341500,45.95083333
340400,340100,243.2636111
340400,341300,3.201388889
340400,341700,0.550277778
340400,341100,27.54861111
340400,340200,1.842777778
340400,340300,41.29277778
340400,341200,77.39888889
320800,320100,148.7194444
320800,320600,7.334166667
320800,321300,249.3094444
320800,320400,12.95361111
320800,320300,56.42666667
320800,321000,104.1622222
320800,320200,20.74361111
320800,321200,5.637777778
320800,320900,95.27305556
320800,320500,62.37333333
320800,320700,83.76833333
320800,321100,4.113055556
440300,441900,11633.49333
440300,442000,343.5408333
440300,440600,517.6877778
440300,440100,2188.501389
440300,441300,4235.596667
440300,445200,43.085
440300,441400,63.29055556
440300,440500,6.728888889
440300,441500,62.00388889
440300,440700,110.1386111
440300,441600,79.41888889
440300,441800,1.168055556
440300,440800,11.455
440300,0,1.061388889
440300,440400,157.9511111
440300,441200,41.51722222
440300,440900,29.44527778
440300,440200,1.044722222
440300,0,3.3175
441800,441900,191.8477778
441800,442000,13.02333333
441800,440600,283.2772222
441800,440100,1093.562778
441800,431100,6.6675
441800,440300,67.30694444
441800,441200,4.208888889
441800,440200,113.7008333
330300,331100,62.97583333
330300,331000,176.9122222
330300,330400,14.33972222
330300,330200,37.73361111
330300,330100,45.27861111
330300,330500,6.749444444
330300,330600,17.61055556
330300,330900,3.636944444
330300,330800,8.713055556
330300,330700,47.24
610500,610400,76.21916667
610500,611000,10.56027778
610500,610900,5.743611111
610500,610300,11.3175
610500,610600,18.22305556
610500,610800,3.843888889
610500,610700,8.8025
610500,610100,641.0633333
610500,610200,27.64611111
330500,310000,79.62472222
330500,331100,2.468055556
330500,331000,14.75472222
330500,330400,365.9866667
330500,330200,46.10583333
330500,341800,5.011388889
330500,330100,1424.794722
330500,330300,14.65722222
330500,330600,46.96361111
330500,330900,2.88
330500,320500,137.47
330500,330800,9.676388889
330500,330700,35.49388889
430300,431300,61.77305556
430300,430600,17.9325
430300,430700,9.365
430300,431200,7.231388889
430300,430200,116.9844444
430300,431100,8.611944444
430300,430900,16.79333333
430300,430400,49.64
430300,430500,33.70888889
430300,431000,8.926388889
430300,430100,788.8266667
0,430700,12.91722222
0,430800,27.27833333
0,431200,48.03833333
0,430500,1.082777778
0,430100,18.1
440800,441900,10.04555556
440800,440600,12.82527778
440800,440100,57.30861111
440800,440300,12.11916667
440800,440900,181.4019444
341100,310000,31.13333333
341100,341600,40.48944444
341100,341500,19.50833333
341100,320100,574.8961111
341100,340100,316.8177778
341100,330200,2.016666667
341100,340800,0.1625
341100,341300,50.60861111
341100,320400,5.666666667
341100,320200,10.07083333
341100,330100,8.491666667
341100,341700,0.184444444
341100,340600,2.9075
341100,340400,36.48888889
341100,340200,17.82527778
341100,320500,37.75638889
341100,340300,142.3397222
341100,341200,36.56055556
341100,340500,30.17388889
371600,370500,143.265
371600,371300,13.3725
371600,371400,64.84722222
371600,370900,0.272777778
371600,370100,149.1813889
371600,370300,194.8127778
371600,370700,86.87388889
371600,370200,25.09944444
411100,411600,61.95638889
411100,410400,47.18777778
411100,410300,0.115
411100,411000,62.71277778
411100,410100,72.93166667
411100,411700,72.30333333
350600,350400,8.461388889
350600,350700,3.448611111
350600,350200,760.7955556
350600,350900,3.934722222
350600,350500,94.26638889
350600,350100,19.63194444
350600,350300,10.97194444
350600,350800,39.85638889
370700,370500,113.9336111
370700,371300,113.01
370700,371000,0.533611111
370700,371400,5.494444444
370700,371100,80.33555556
370700,370900,12.22166667
370700,370100,94.43583333
370700,370800,8.337222222
370700,370300,151.9825
370700,371600,82.36055556
370700,370600,96.54277778
370700,371500,0.394444444
370700,371700,1.839444444
370700,370200,613.8705556
429005,429004,19.99916667
429005,429006,3.981388889
429005,420900,0.313333333
429005,420500,2.919722222
429005,420100,31.76388889
429005,421000,48.39861111
429005,420800,13.41333333
445100,440100,1.268055556
445100,445200,99.96861111
445100,441400,1.656388889
445100,440500,242.4183333
469023,460200,3.722777778
469023,469007,0.0575
469023,469024,12.62333333
469023,460400,14.69944444
469023,469021,4.496388889
469023,469022,3.22
469023,469005,0.773055556
469023,460100,131.2763889
469023,469002,0.103888889
0,441900,0.648611111
0,442000,2.084444444
0,440600,1.102777778
0,440100,1.771388889
0,441300,0.007222222
0,440700,0.561666667
0,440300,0.637222222
0,440400,27.00777778
0,0,0.007222222
410900,410500,88.33972222
410900,410700,27.44972222
410900,410100,37.85333333
410900,410600,19.6175
370600,371000,117.9855556
370600,370100,16.39916667
370600,370700,61.61611111
370600,370200,178.2208333
410800,410200,0.156666667
410800,410700,99.02444444
410800,410300,63.97361111
410800,419001,45.555
410800,410100,184.6097222
231000,230900,2.228055556
231000,230700,0.032222222
231000,230800,1.389722222
231000,230500,0.682777778
231000,230100,10.61111111
231000,230600,0.380833333
231000,231200,0.714166667
231000,230300,9.112777778
231000,230400,0.004444444
231000,231100,0.028611111
231000,230200,0.289444444
450900,450500,25.67055556
450900,450100,70.05944444
450900,451400,2.744444444
450900,451300,7.212222222
450900,450200,11.69361111
450900,450300,8.731388889
450900,450400,29.94361111
450900,451200,3.360555556
450900,451000,5.865277778
450900,450800,78.38916667
450900,451100,1.046388889
450900,450700,37.92277778
450900,450600,1.421944444
0,0,0.2725
0,630200,0.058333333
0,0,0.015
0,0,0.1725
0,0,2.8725
0,630100,0.975277778
0,0,0.016111111
530400,530900,4.889166667
530400,530700,0.079166667
530400,0,4.825555556
530400,0,0.016666667
530400,0,3.985
530400,530100,214.3761111
530400,530600,1.723055556
530400,530800,23.48611111
530400,530300,13.5525
530400,0,9.239722222
530400,0,41.37833333
530400,0,14.45944444
440400,441900,101.0072222
440400,442000,2045.498056
440400,440600,192.7619444
440400,440100,355.0277778
440400,441300,23.37555556
440400,440700,261.1238889
440400,440300,143.6794444
440400,0,24.76277778
440400,441200,18.18666667
440400,0,0.291944444
469030,469006,0.575277778
469030,460200,0.601388889
469030,469027,0.949444444
469030,469001,0.268888889
469030,460400,8.896944444
469030,469022,0.834444444
469030,460100,8.743888889
469002,469006,22.46138889
469002,460200,13.9725
469002,460400,4.685555556
469002,469021,7.853611111
469002,469005,15.12027778
469002,460100,38.38694444
469002,469023,0.031111111
469002,469028,7.204722222
0,0,5.728611111
0,620100,4.513055556
0,621100,3.593611111
0,621200,2.384166667
0,510100,21.45944444
0,0,0.569166667
0,511800,0.72
220800,220200,1.075277778
220800,220300,7.303611111
220800,0,0.183888889
220800,220700,21.23055556
220800,220600,0.132222222
220800,220400,0.336944444
220800,220500,0.346666667
220800,220100,16.78138889
220600,220200,2.605277778
220600,220300,0.813611111
220600,0,6.468333333
220600,220700,0.248611111
220600,220800,0.113055556
220600,220400,0.986111111
220600,220500,10.48722222
220600,220100,7.73
469025,460400,8.678611111
469025,469026,2.710277778
469025,460100,3.147222222
620400,0,2.066666667
620400,620100,58.72277778
620400,620500,2.074444444
620400,621100,10.58444444
620400,620800,7.994722222
620400,621000,1.850277778
620400,620700,2.172222222
620400,620600,8.921944444
620400,620900,1.539722222
620400,620300,1.779166667
620400,621200,0.435833333
451000,450100,83.20305556
451000,451400,21.41083333
451000,450200,1.033888889
451000,450300,0.51
451000,451200,26.80333333
451000,450900,4.16
451000,450800,1.32
451000,450700,1.129444444
430900,431300,20.88555556
430900,430600,39.28277778
430900,430700,78.03972222
430900,430800,2.582222222
430900,431200,4.893888889
430900,430200,7.828333333
430900,430300,13.40472222
430900,0,1.126388889
430900,430400,4.926666667
430900,430500,2.3325
430900,430100,375.3655556
320900,310000,25.1925
320900,320100,43.20111111
320900,320600,330
320900,321300,7.35
320900,320400,4.987777778
320900,320300,2.706388889
320900,321000,32.45583333
320900,320200,76.53805556
320900,321200,253.5555556
320900,320800,82.04777778
320900,320500,198.7327778
320900,320700,130.9941667
211100,210200,13.77777778
211100,211300,8.0175
211100,210100,50.20111111
211100,210800,42.30166667
211100,211400,23.30472222
211100,211000,9.332222222
211100,211200,2.138055556
211100,210700,71.98916667
211100,210900,1.407777778
211100,210300,45.19472222
511400,511100,254.9586111
511400,511000,58.33944444
511400,511500,45.92416667
511400,510600,5.648888889
511400,510100,1905.051667
511400,0,0.153333333
511400,510300,60.25111111
511400,512000,19.06583333
511400,500000,5.1625
511400,511800,49.44972222
640200,640500,2.857777778
640200,640300,7.241666667
640200,640400,1.578888889
640200,640100,82.1775
130100,130600,339.1661111
130100,110000,31.43333333
130100,130200,24.37888889
130100,120000,24.9075
130100,131000,44.49972222
130100,130700,20.15555556
130100,130800,3.713055556
130100,130900,87.52611111
130100,130300,4.075277778
130100,131100,149.5038889
130100,130500,298.3141667
130100,130400,108.5388889
659001,650100,14.07527778
659001,0,3.966944444
659001,650200,0.176111111
659001,0,0.046388889
659001,654200,17.0625
659001,0,17.12
429021,420500,0.067777778
350100,350400,31.37055556
350100,350700,41.79861111
350100,350200,35.81305556
350100,350900,123.1513889
350100,350500,92.56277778
350100,350600,17.01166667
350100,350300,111.6325
350100,350800,9.039722222
130300,130600,7.338055556
130300,110000,13.48083333
130300,130200,224.3461111
130300,120000,41.19138889
130300,131000,12.55444444
130300,130700,0.189444444
130300,130800,9.996944444
130300,130900,25.58611111
130300,130100,4.006388889
130300,131100,2.685555556
130300,130500,0.063611111
130300,130400,3.295555556
0,530900,0.206111111
0,530700,0.056388889
0,0,2.303888889
0,0,0.017222222
0,0,39.64555556
0,530100,87.34055556
0,530600,0.588888889
0,530800,5.272777778
0,530300,26.69361111
0,0,0.753055556
0,530400,28.43916667
0,0,4.302777778
330600,310000,4.766388889
330600,331100,15.85083333
330600,331000,174.4058333
330600,330400,196.8002778
330600,330200,587.5119444
330600,330100,2199.22
330600,330300,48.65666667
330600,330500,48.01333333
330600,330900,10.46944444
330600,330800,17.34361111
330600,330700,437.6491667
231200,230900,0.114722222
231200,230700,7.093888889
231200,230800,2.124444444
231200,230500,0.696388889
231200,230100,101.6144444
231200,232700,0.265555556
231200,230600,63.84638889
231200,231000,1.138055556
231200,230300,0.636388889
231200,230400,0.963055556
231200,231100,6.275
231200,230200,17.30305556
510700,511300,96.14555556
510700,511900,4.027777778
510700,510800,50.52277778
510700,510600,244.5905556
510700,510100,643.5936111
510700,510900,88.65444444
510700,500000,13.45277778
510700,0,4.158055556
371500,371300,0.241388889
371500,371400,122.8616667
371500,370900,37.41361111
371500,370100,157.6330556
371500,370800,32.2425
371500,371700,40.11277778
371500,370200,1.03
441200,441900,321.0252778
441200,442000,152.8086111
441200,445300,99.24694444
441200,440600,1891.752778
441200,440100,949.2275
441200,441300,51.07388889
441200,440700,102.5002778
441200,440300,147.8872222
441200,441800,7.485
441200,440400,31.51777778
510300,511100,55.65666667
510300,511000,195.045
510300,511500,149.5994444
510300,510100,178.655
510300,510500,89.82944444
510300,511400,7.646111111
510300,500000,28.60861111
330900,331000,3.891666667
330900,330400,5.698333333
330900,330200,64.04944444
330900,330100,13.92583333
330900,330600,3.647222222
330900,330700,1.917222222
340200,310000,3.219166667
340200,341600,0.593333333
340200,341500,10.16416667
340200,340100,172.1080556
340200,340800,16.39194444
340200,341800,99.84416667
340200,341700,27.47833333
340200,341100,10.04777778
340200,340300,0.243055556
340200,340700,43.65805556
340200,341200,4.311944444
340200,340500,128.9266667
340200,341000,7.553611111
320500,310000,2830.139444
320500,320100,159.0180556
320500,320600,929.0952778
320500,330400,359.7858333
320500,330200,19.56166667
320500,321300,28.06527778
320500,320400,390.9027778
320500,320300,24.56916667
320500,321000,51.64888889
320500,320200,2996.365278
320500,330100,104.6216667
320500,321200,210.0555556
320500,320800,32.87027778
320500,330500,123.2608333
320500,341100,0.590833333
320500,320900,189.0238889
320500,320700,22.5025
320500,321100,55.84277778
440900,441900,72.47861111
440900,442000,9.161666667
440900,440600,31.54416667
440900,440100,113.1652778
440900,440300,54.00416667
440900,440800,322.1072222
440900,441700,16.53638889
421000,429004,32.01444444
421000,421200,12.12388889
421000,429006,12.11
421000,420900,13.17694444
421000,420500,66.35694444
421000,0,5.756666667
421000,420100,89.47055556
421000,429005,38.19472222
421000,420800,49.23527778
421000,420600,19.32722222
421000,421100,1.461388889
420800,429006,22.29166667
420800,420900,18.13666667
420800,420500,40.51472222
420800,0,1.961666667
420800,420100,55.46111111
420800,429005,13.64138889
420800,421000,52.05166667
420800,420600,48.58
420800,421300,10.79111111
420800,421100,0.214166667
350300,350400,7.002777778
350300,350700,3.795277778
350300,350200,28.65666667
350300,350900,7.853333333
350300,350500,112.4986111
350300,350600,9.674444444
350300,350100,114.0938889
350300,350800,4.5225
371700,371300,25.10527778
371700,370400,3.286666667
371700,370900,25.48888889
371700,370100,83.43361111
371700,370800,196.5786111
371700,370700,4.053333333
371700,371500,35.64861111
371700,370200,12.32444444
360300,361100,2.760833333
360300,360400,2.415555556
360300,360100,10.12305556
360300,360800,14.69027778
360300,360900,40.20027778
360300,361000,2.336388889
360300,360500,6.973888889
360300,360700,4.3325
210800,210600,1.194722222
210800,210200,55.27611111
210800,211300,0.518055556
210800,210100,30.88361111
210800,211100,35.79777778
210800,211400,4.100833333
210800,211000,8.309444444
210800,210700,11.61833333
210800,210300,53.65027778
211400,210200,7.761111111
211400,211300,28.20694444
211400,210100,42.91916667
211400,211100,19.30555556
211400,210800,8.222222222
211400,211000,0.057222222
211400,211200,2.228333333
211400,210700,86.30472222
211400,210900,7.696388889
211400,210300,11.36222222
340300,341600,51.52888889
340300,341500,0.074722222
340300,340100,82.45638889
340300,341300,80.24555556
340300,340600,16.15055556
340300,340400,37.61583333
340300,341100,113.9875
340300,340200,1.5325
340300,341200,19.61722222
131100,130600,129.335
131100,110000,44.3675
131100,130200,12.33277778
131100,120000,41.91388889
131100,131000,59.78638889
131100,130700,5.401666667
131100,130800,0.41
131100,130900,223.6366667
131100,130100,171.2688889
131100,130300,4.778333333
131100,130500,133.8383333
131100,130400,75.45333333
430400,441900,7.303611111
430400,431300,26.0625
430400,430600,15.63527778
430400,430700,7.707777778
430400,440100,22.19444444
430400,431200,1.273888889
430400,430200,48.07944444
430400,431100,63.765
430400,430300,41.33916667
430400,0,0.307222222
430400,430900,7.888888889
430400,430500,32.85333333
430400,431000,79.52777778
430400,430100,125.2144444
330800,361100,9.441111111
330800,331100,28.7225
330800,331000,33.30666667
330800,330400,20.03138889
330800,330200,41.86916667
330800,330100,121.0038889
330800,330300,53.54361111
330800,330500,11.55111111
330800,330600,27.58333333
330800,330700,242.4216667
420600,420300,63.07138889
420600,420900,11.05444444
420600,420500,18.72861111
420600,0,0.028888889
420600,420100,41.37555556
420600,421000,17.73138889
420600,420800,39.25555556
420600,421300,31.27972222
420600,421100,0.097777778
0,530900,0.466111111
0,530700,0.175833333
0,530500,0.059166667
0,0,1.302777778
0,0,0.059166667
0,530100,13.31972222
0,530800,18.36944444
0,530400,2.962777778
0,0,2.410833333
630100,0,1.184166667
630100,630200,102.9555556
630100,0,13.27138889
630100,0,23.83722222
630100,0,13.30472222
630100,0,1.801666667
630100,0,5.321111111
610100,610400,2680.5
610100,611000,106.5222222
610100,610900,44.41777778
610100,610300,126.1591667
610100,610600,47.55694444
610100,610800,26.65805556
610100,610700,39.03361111
610100,610500,734.9233333
610100,610200,66.335
411000,411300,36.03972222
411000,411600,60.81138889
411000,410400,103.7313889
411000,410200,50.23888889
411000,410700,1.298888889
411000,410300,16.405
411000,411100,70.44583333
411000,410100,627.6836111
411000,411700,23.74972222
450800,450500,5.948611111
450800,450100,121.0405556
450800,451400,3.316388889
450800,451300,37.31611111
450800,450200,27.48666667
450800,450300,14.78555556
450800,450400,47.23666667
450800,451200,12.65833333
450800,450900,76.37972222
450800,451000,13.91972222
450800,451100,4.7875
450800,450700,18.89
520100,520200,37.05944444
520100,520400,286.7938889
520100,520500,238.2247222
520100,520300,159.2486111
520100,520600,46.22777778
520100,0,47.43694444
520100,0,648.4633333
520100,0,35.13083333
451100,450100,5.146666667
451100,450200,6.053333333
451100,450300,43.79027778
451100,450400,31.17583333
451100,450900,0.069166667
451100,450800,2.132777778
512000,511000,109.2455556
512000,511300,0.741666667
512000,510600,0.4675
512000,510100,712.205
512000,511400,43.68194444
512000,510900,56.215
512000,500000,70.79944444
360700,361100,15.88277778
360700,441900,21.36555556
360700,360400,15.01916667
360700,360100,29.13
360700,360800,90.62916667
360700,360900,26.08416667
360700,361000,58.93694444
360700,360500,6.714722222
360700,360200,3.950277778
360700,440300,14.04277778
360700,360300,3.943333333
360700,360600,8.874722222
150400,150900,2.308333333
150400,150300,0.034166667
150400,152200,5.072222222
150400,150200,1.0925
150400,150700,1.252777778
150400,150100,4.461666667
150400,150800,0.366944444
150400,150500,30.88944444
150400,150600,0.906666667
150400,152500,14.54416667
150400,152900,0.001111111
220400,220200,4.1375
220400,220300,9.149444444
220400,0,0.513611111
220400,220700,0.717777778
220400,220800,0.344722222
220400,220600,1.363333333
220400,220500,18.00222222
220400,220100,18.50527778
211000,210600,0.166111111
211000,210200,6.844444444
211000,210400,4.810833333
211000,210500,12.00694444
211000,210100,100.1205556
211000,211100,6.898333333
211000,210800,12.57833333
211000,211200,0.346111111
211000,210700,4.689444444
211000,210300,86.95972222
511700,511300,59.59
511700,511900,36.77583333
511700,511600,52.57888889
511700,510100,88.80888889
511700,500000,119.5775
140800,141000,111.0030556
140800,141100,5.761666667
140800,140200,1.0325
140800,140100,12.03027778
140800,140900,1.736111111
140800,140700,8.456388889
140800,140500,6.344444444
140800,140600,0.247222222
140800,140400,5.172777778
140800,140300,0.197222222
320700,320100,6.197777778
320700,320600,29.74555556
320700,321300,69.80527778
320700,320400,1.513055556
320700,320300,47.60388889
320700,320200,2.466111111
320700,320800,62.16472222
320700,320900,102.2613889
320700,320500,11.46916667
0,530700,6.96
0,0,4.334722222
0,0,0.003888889
220500,220200,10.88388889
220500,220300,2.778888889
220500,0,2.515833333
220500,220700,0.591666667
220500,220800,0.3375
220500,220600,16.54388889
220500,220400,12.36805556
220500,220100,16.82388889
150500,150900,0.628055556
150500,152200,16.47277778
150500,150200,0.383333333
150500,150700,2.397777778
150500,150100,1.645555556
150500,150800,0.076388889
150500,150400,27.43611111
150500,150600,0.362777778
150500,152500,6.258888889
510900,511300,112.2377778
510900,511900,0.484166667
510900,511600,40.83305556
510900,510600,22.4925
510900,510100,333.3691667
510900,510700,90.63944444
510900,512000,52.69055556
510900,511700,4.614444444
510900,500000,57.31916667
520300,520200,6.398055556
520300,520400,12.99722222
520300,520500,75.38861111
520300,520100,177.5725
520300,520600,57.35194444
520300,0,19.68
520300,0,38.58
520300,0,5.555555556
130500,130600,55.79055556
130500,110000,20.92083333
130500,130200,5.473888889
130500,120000,12.28861111
130500,131000,14.67777778
130500,130700,2.335277778
130500,130900,40.6675
130500,130100,360.835
130500,130300,1.1225
130500,131100,116.37
130500,130400,336.1855556
540600,540500,0.279444444
540600,540100,6.686944444
540600,540200,0.552222222
540600,540300,0.743055556
540600,540400,0.155833333
540600,542500,0.652222222
130400,130600,44.96611111
130400,110000,26.69444444
130400,130200,6.416666667
130400,120000,20.54833333
130400,131000,16.87444444
130400,130700,2.395555556
130400,130800,0.211388889
130400,130900,19.49944444
130400,130100,100.9477778
130400,130300,2.543611111
130400,131100,31.88694444
130400,130500,277.0216667
430500,431300,64.01305556
430500,430700,3.399722222
430500,430800,0.069444444
430500,431200,45.74472222
430500,430200,8.894722222
430500,431100,32.75944444
430500,430300,14.15972222
430500,0,9.606388889
430500,430900,2.232777778
430500,430400,35.5175
430500,431000,1.54
430500,430100,76.96777778
410100,411200,24.69055556
410100,411500,33.63444444
410100,411300,67.7275
410100,411600,199.1133333
410100,411400,115.5877778
410100,410500,70.33361111
410100,410400,126.8227778
410100,410200,763.0927778
410100,410700,659.6472222
410100,410300,242.8775
410100,419001,14.91833333
410100,411100,58.74416667
410100,410900,38.73277778
410100,410800,200.7505556
410100,411000,261.3280556
410100,411700,76.5525
410100,410600,27.57305556
431000,441900,39.56944444
431000,431300,1.579722222
431000,430600,5.714444444
431000,430700,3.733333333
431000,440100,33.70972222
431000,430200,23.58361111
431000,431100,51.83583333
431000,440300,17.73194444
431000,430300,5.378055556
431000,430900,2.498055556
431000,430400,81.89305556
431000,430500,2.1925
431000,430100,36.25916667
150600,150900,13.00138889
150600,150300,30.11861111
150600,152200,0.151666667
150600,150200,55.08777778
150600,150700,0.151666667
150600,150100,36.76833333
150600,150800,19.92277778
150600,150400,0.800555556
150600,150500,0.319722222
150600,152500,0.611111111
150600,152900,4.264444444
420700,421200,2.576666667
420700,420900,0.151666667
420700,420100,225.6836111
420700,421100,54.84944444
420700,420200,70.20666667
620900,620100,4.139166667
620900,620200,54.45083333
620900,620500,0.488611111
620900,621100,0.534444444
620900,620800,0.087222222
620900,620700,20.22916667
620900,620600,4.917222222
620900,620400,0.084444444
620900,620300,1.628055556
500000,511100,11.43444444
500000,511000,49.98138889
500000,511300,74.93055556
500000,511500,40.52527778
500000,511600,224.5575
500000,510600,11.03944444
500000,510100,152.4661111
500000,510500,95.09
500000,511400,6.985833333
500000,510700,21.2725
500000,510300,29.0775
500000,512000,48.79611111
500000,511700,120.7425
500000,510900,56.62388889
330700,361100,2.926666667
330700,331100,99.84972222
330700,331000,125.8752778
330700,330400,38.88111111
330700,330200,187.6325
330700,330100,617.3127778
330700,330300,66.66805556
330700,330500,21.10944444
330700,330600,310.7652778
330700,330900,5.009444444
330700,330800,116.6191667
620300,620100,4.231944444
620300,620200,1.171666667
620300,620700,13.60972222
620300,620600,18.66944444
620300,620400,0.008888889
620300,620900,4.380555556
450700,450500,51.62777778
450700,450100,104.3727778
450700,451400,12.77777778
450700,450200,1.108055556
450700,450300,0.415277778
450700,451200,0.143055556
450700,450900,25.69027778
450700,451000,7.345277778
450700,450800,13
450700,450600,48.95472222
211200,210200,3.280277778
211200,210400,13.53527778
211200,210100,128.4586111
211200,211100,1.045
211200,210800,2.513888889
211200,211400,0.130277778
211200,210700,4.007222222
211200,210900,1.011666667
211200,210300,6.151111111
659006,0,10.85527778
520600,520200,3.492777778
520600,520400,5.896944444
520600,520500,15.65416667
520600,520100,47.06416667
520600,520300,57.4925
520600,0,34.63861111
520600,0,15.14833333
520600,0,2.995277778
610200,610400,26.77333333
610200,611000,1.921944444
610200,610900,0.639444444
610200,610300,1.899166667
610200,610600,28.16611111
610200,610800,12.03972222
610200,610700,1.095833333
610200,610500,21.71833333
610200,610100,62.51138889
340700,341500,0.261666667
340700,340100,50.84666667
340700,340800,45.32
340700,341800,4.844444444
340700,341700,63.69555556
340700,340200,49.09194444
340700,341000,3.561944444
640100,640500,34.69722222
640100,640300,126.5516667
640100,640400,17.39944444
640100,640200,93.44722222
152500,150900,10.28388889
152500,152200,3.508333333
152500,150200,1.610833333
152500,150700,0.998055556
152500,150100,8.534166667
152500,150800,0.522777778
152500,150400,13.5625
152500,150500,6.969444444
152500,150600,0.905833333
210700,210200,8.513333333
210700,210400,0.071388889
210700,211300,31.82805556
210700,210100,67.41222222
210700,211100,55.21527778
210700,210800,11.76611111
210700,211400,90.47111111
210700,211000,4.573611111
210700,211200,4.841388889
210700,210900,39.94888889
210700,210300,21.00388889
321100,310000,5.085277778
321100,320100,1148.199444
321100,321300,0.667222222
321100,320400,534.4019444
321100,321000,161.6641667
321100,320200,192.8333333
321100,321200,54.68055556
321100,320800,0.261944444
321100,320500,116.6713889
220100,220200,94.00222222
220100,220300,83.76222222
220100,0,9.1525
220100,220700,88.75527778
220100,220800,19.55333333
220100,220600,9.916388889
220100,220400,20.56277778
220100,220500,18.57222222
430100,431300,113.9113889
430100,430600,370.4788889
430100,430700,131.7227778
430100,430800,19.495
430100,431200,25.41222222
430100,430200,275.7283333
430100,431100,29.35611111
430100,430300,496.8577778
430100,0,17.85638889
430100,430900,295.3072222
430100,430400,99.44027778
430100,430500,75.29333333
430100,431000,29.54222222
140400,141000,27.42277778
140400,141100,11.22472222
140400,140200,1.586944444
140400,140100,41.52027778
140400,140900,3.974444444
140400,140700,34.72027778
140400,140500,52.7125
140400,140600,1.481388889
140400,140800,8.258055556
140400,140300,2.560277778
210900,210200,0.528333333
210900,211300,15.41777778
210900,210100,48.84861111
210900,211100,0.316944444
210900,211400,6.0775
210900,211200,2.042777778
210900,210700,39.41722222
341200,341600,136.865
341200,341500,47.21861111
341200,340100,80.71305556
341200,340800,0.296388889
341200,341300,11.04805556
341200,341700,1.3475
341200,340400,47.85083333
341200,341100,4.567777778
341200,340200,2.266388889
341200,340300,16.33833333
341200,341000,0.028611111
450600,450500,6.598611111
450600,450100,33.20638889
450600,451400,10.79361111
450600,451000,0.184444444
450600,450700,32.06527778
441700,441900,17.15805556
441700,440600,17.91805556
441700,440100,74.77583333
441700,440700,14.54638889
441700,440300,15.58583333
441700,440800,90.03111111
441700,440900,170.035
140300,141000,1.949722222
140300,141100,4.869722222
140300,140200,0.718888889
140300,140100,37.31722222
140300,140900,11.04055556
140300,140700,35.54222222
140300,140500,0.015277778
140300,140600,0.118888889
140300,140800,1.333333333
140300,140400,1.768055556
652900,650100,3.378888889
652900,0,0.368333333
652900,650400,0.044722222
652900,653200,4.251388889
652900,650500,0.334444444
652900,653100,12.10361111
652900,659003,2.613888889
652900,0,17.41944444
652900,0,0.006388889
652900,659002,19.58583333
654300,650100,3.146944444
654300,0,0.088611111
654300,650200,0.015555556
654300,659005,8.020555556
654300,654200,0.028611111
654300,0,1.335555556
0,510100,63.69861111
0,0,2.651388889
152900,150900,0.230277778
152900,150300,12.75916667
152900,150200,1.13
152900,150100,1.2
152900,150800,7.145833333
152900,150600,4.085833333
659002,653200,0.307222222
659002,0,0.042222222
659002,652900,15.72694444
542500,540500,0.028333333
542500,540100,0.237222222
542500,540200,0.334444444
542500,540300,0.005555556
542500,540400,0.002777778
542500,540600,0.190277778
621200,0,0.435277778
621200,620100,11.07083333
621200,620500,22.35555556
621200,621100,8.052777778
621200,620800,1.040833333
621200,620600,0.488611111
621200,0,3.376111111
621200,620400,0.503611111
621200,620900,0.4425
469028,469006,20.45583333
469028,460200,103.5111111
469028,469027,0.466666667
469028,469001,1.591666667
469028,469029,9.2875
469028,460400,1.422222222
469028,460100,13.46972222
469028,469002,6.085555556
421300,420300,1.898055556
421300,420900,38.54861111
421300,420100,58.07666667
421300,420800,6.229444444
421300,420600,43.03138889
421300,421100,0.234166667
511800,511100,13.25277778
511800,0,47.03916667
511800,510100,303.8794444
511800,510400,0.212222222
511800,0,27.21638889
511800,511400,50.2825
370200,370500,0.567222222
370200,371300,71.06083333
370200,371000,50.91805556
370200,371400,1.3975
370200,371100,89.40583333
370200,370400,1.450277778
370200,370900,9.359722222
370200,370100,38.96916667
370200,370800,16.28611111
370200,370300,27.29583333
370200,371600,2.1825
370200,370700,481.4977778
370200,370600,251.4041667
370200,371500,1.004166667
370200,371700,11.18277778
210300,210600,14.04055556
210300,210200,18.51361111
210300,210400,5.017222222
210300,211300,0.558888889
210300,210500,6.0125
210300,210100,89.355
210300,211100,42.31916667
210300,210800,58.47861111
210300,211400,8.330277778
210300,211000,81.18833333
210300,211200,6.8775
210300,210700,21.95
210300,210900,0.045
440200,441900,84.92722222
440200,440600,18.51111111
440200,440100,198.0263889
440200,441300,2.673333333
440200,440300,51.25694444
440200,441800,32.70194444
0,441900,0.334444444
0,442000,0.098611111
0,440600,0.034722222
0,440100,0.163611111
0,441300,0.138333333
0,440700,0.028888889
0,440300,2.624444444
0,440400,0.187777778
340500,310000,3.2625
340500,341600,0.642222222
340500,341500,10.97972222
340500,320100,156.5047222
340500,340100,138.42
340500,340800,0.139722222
340500,341800,12.85638889
340500,341700,0.281111111
340500,340400,0.496111111
340500,341100,27.89666667
340500,340200,241.5172222
340500,320500,1.476666667
340500,340300,0.24
340500,341200,3.719722222
411700,411500,106.7486111
411700,411300,63.07805556
411700,411600,80.67694444
411700,410400,29.69138889
411700,410300,1.658055556
411700,411100,65.7
411700,411000,0.514166667
411700,410100,85.03777778
230300,230900,4.611944444
230300,230800,2.798611111
230300,230500,3.164722222
230300,230100,5.220833333
230300,230600,0.035555556
230300,231000,7.125277778
230300,231200,0.381666667
230300,230400,0.145555556
230300,231100,0.003333333
230300,230200,0.017222222
410600,410500,109.6094444
410600,410700,49.14277778
410600,410900,30.05138889
410600,410100,36.72388889
230400,230700,2.438888889
230400,230800,13.52916667
230400,230500,1.218333333
230400,230100,2.365555556
230400,231000,0.005555556
230400,231200,0.884444444
230400,230300,0.2975
230400,231100,0.062777778
230400,230200,0.099722222
360600,361100,66.23305556
360600,360400,2.263333333
360600,360100,22.56527778
360600,360800,4.338333333
360600,360900,6.484444444
360600,361000,40.85111111
360600,360200,8.787777778
360600,360300,0.096944444
360600,360700,9.288333333
421100,421200,10.31
421100,420900,22.73916667
421100,420500,1.710555556
421100,0,0.134166667
421100,420100,444.5175
421100,421000,6.261111111
421100,420600,5.861666667
421100,420700,40.95277778
421100,421300,0.309722222
421100,420200,54.06638889
0,0,0.469166667
0,630200,2.531944444
0,0,0.115833333
0,0,1.590833333
0,0,0.2125
0,0,0.0275
0,630100,3.654722222
341000,340100,11.53972222
341000,340800,2.679722222
341000,341800,28.65777778
341000,341700,7.531111111
341000,340200,0.330555556
420200,421200,26.37777778
420200,0,0.311944444
420200,420100,100.6013889
420200,420700,58.15138889
420200,421100,49.82333333
231100,230700,0.883888889
231100,230800,0.362777778
231100,230100,5.213888889
231100,232700,1.414722222
231100,230600,1.112777778
231100,231000,0.004444444
231100,231200,3.683611111
231100,230300,0.000833333
231100,230200,10.88833333
0,520200,5.045555556
0,520400,11.92611111
0,520500,10.18333333
0,520100,56.23527778
0,520300,20.68388889
0,520600,38.88694444
0,0,85.31861111
0,0,7.313611111
0,520200,9.254166667
0,520400,44.44416667
0,520500,22.24583333
0,520100,624.0141667
0,520300,39.96527778
0,520600,16.56694444
0,0,89.87027778
0,0,20.56694444
0,520200,31.51944444
0,520400,31.21305556
0,520500,6.804722222
0,520100,30.87194444
0,520300,4.0475
0,520600,1.714444444
0,0,2.6825
0,0,10.34777778
230200,230700,0.635833333
230200,230800,0.525833333
230200,230500,0.068333333
230200,230100,14.91805556
230200,232700,1.213888889
230200,230600,19.09805556
230200,231000,0.369444444
230200,231200,11.16472222
230200,230300,0.096388889
230200,230400,0.060277778
230200,231100,13.195
350800,350400,21.60416667
350800,350700,4.487222222
350800,350200,40.66611111
350800,350900,1.539444444
350800,350500,21.15277778
350800,350600,39.29333333
350800,350100,9.393888889
350800,350300,3.641111111
