,from_city_code,to_city_code,forecast,from_city_longitude,from_city_latitude,from_city_name,to_city_longitude,to_city_latitude,to_city_name
0,340800,340800,1.2854908163717482e-05,116.4859918,30.57552958,安庆市,116.4859918,30.57552958,安庆市
1,341700,340800,0.18588006496429443,117.3641746,30.28325848,池州市,116.4859918,30.57552958,安庆市
2,341100,340800,0.015180850401520729,118.10233329999998,32.54422643,滁州市,116.4859918,30.57552958,安庆市
3,340100,340800,0.06697889417409897,117.3550905,31.76262308,合肥市,116.4859918,30.57552958,安庆市
4,340500,340800,0.01841733232140541,118.3652036,31.63860487,马鞍山市,116.4859918,30.57552958,安庆市
5,340700,340800,0.10199771076440811,117.5556273,30.88462337,铜陵市,116.4859918,30.57552958,安庆市
6,340200,340800,0.035135380923748016,118.1348385,31.16236504,芜湖市,116.4859918,30.57552958,安庆市
7,341800,340800,0.017616434022784233,118.8517787,30.68569806,宣城市,116.4859918,30.57552958,安庆市
8,320400,340800,0.004737979732453823,119.6365424,31.62492091,常州市,116.4859918,30.57552958,安庆市
9,320100,340800,0.008521003648638725,118.8427656,31.92759114,南京市,116.4859918,30.57552958,安庆市
10,320600,340800,0.001056281616911292,121.0443682,32.18304405,南通市,116.4859918,30.57552958,安庆市
11,320500,340800,0.0015253464225679636,120.6558596,31.38349196,苏州市,116.4859918,30.57552958,安庆市
12,321200,340800,0.0018273855093866587,120.0563571,32.57097365,泰州市,116.4859918,30.57552958,安庆市
13,320200,340800,0.0028508605901151896,120.0756925,31.52400065,无锡市,116.4859918,30.57552958,安庆市
14,320900,340800,0.0016955597093328834,120.1948612,33.51415001,盐城市,116.4859918,30.57552958,安庆市
15,321000,340800,0.0029716016724705696,119.474472,32.73729539,扬州市,116.4859918,30.57552958,安庆市
16,321100,340800,0.0042204889468848705,119.45292240000002,32.01570779,镇江市,116.4859918,30.57552958,安庆市
17,310000,340800,0.000884407025296241,121.4841515,31.21193692,上海市,116.4859918,30.57552958,安庆市
18,330100,340800,0.009386141784489155,119.4708146,29.89986219,杭州市,116.4859918,30.57552958,安庆市
19,330500,340800,0.004347146954387426,119.8687764,30.74481198,湖州市,116.4859918,30.57552958,安庆市
20,330400,340800,0.0016191311879083514,120.7790269,30.62192563,嘉兴市,116.4859918,30.57552958,安庆市
21,330700,340800,0.005101738963276148,119.9522159,29.11710724,金华市,116.4859918,30.57552958,安庆市
22,330200,340800,0.0009276793571189046,121.4789837,29.73047805,宁波市,116.4859918,30.57552958,安庆市
23,330600,340800,0.0020386504475027323,120.6365604,29.7346077,绍兴市,116.4859918,30.57552958,安庆市
24,331000,340800,0.0015108268707990646,121.1372207,28.75727043,台州市,116.4859918,30.57552958,安庆市
25,330900,340800,0.000629049027338624,122.1820674,30.1180369,舟山市,116.4859918,30.57552958,安庆市
26,340800,330500,0.01303162518888712,116.4859918,30.57552958,安庆市,119.8687764,30.74481198,湖州市
27,341700,330500,0.023853225633502007,117.3641746,30.28325848,池州市,119.8687764,30.74481198,湖州市
28,341100,330500,0.01669325865805149,118.10233329999998,32.54422643,滁州市,119.8687764,30.74481198,湖州市
29,340100,330500,0.015780240297317505,117.3550905,31.76262308,合肥市,119.8687764,30.74481198,湖州市
30,340500,330500,0.03228520229458809,118.3652036,31.63860487,马鞍山市,119.8687764,30.74481198,湖州市
31,340700,330500,0.02246677316725254,117.5556273,30.88462337,铜陵市,119.8687764,30.74481198,湖州市
32,340200,330500,0.03507460281252861,118.1348385,31.16236504,芜湖市,119.8687764,30.74481198,湖州市
33,341800,330500,0.10034779459238052,118.8517787,30.68569806,宣城市,119.8687764,30.74481198,湖州市
34,320400,330500,0.09011413156986237,119.6365424,31.62492091,常州市,119.8687764,30.74481198,湖州市
35,320100,330500,0.03584412485361099,118.8427656,31.92759114,南京市,119.8687764,30.74481198,湖州市
36,320600,330500,0.037745218724012375,121.0443682,32.18304405,南通市,119.8687764,30.74481198,湖州市
37,320500,330500,0.0849081426858902,120.6558596,31.38349196,苏州市,119.8687764,30.74481198,湖州市
38,321200,330500,0.025463301688432693,120.0563571,32.57097365,泰州市,119.8687764,30.74481198,湖州市
39,320200,330500,0.0996818020939827,120.0756925,31.52400065,无锡市,119.8687764,30.74481198,湖州市
40,320900,330500,0.014956570230424404,120.1948612,33.51415001,盐城市,119.8687764,30.74481198,湖州市
41,321000,330500,0.020392073318362236,119.474472,32.73729539,扬州市,119.8687764,30.74481198,湖州市
42,321100,330500,0.04526147618889809,119.45292240000002,32.01570779,镇江市,119.8687764,30.74481198,湖州市
43,310000,330500,0.05888897553086281,121.4841515,31.21193692,上海市,119.8687764,30.74481198,湖州市
44,330100,330500,0.1259395033121109,119.4708146,29.89986219,杭州市,119.8687764,30.74481198,湖州市
45,330500,330500,1.9804144812951563e-06,119.8687764,30.74481198,湖州市,119.8687764,30.74481198,湖州市
46,330400,330500,0.11314275860786438,120.7790269,30.62192563,嘉兴市,119.8687764,30.74481198,湖州市
47,330700,330500,0.0637650266289711,119.9522159,29.11710724,金华市,119.8687764,30.74481198,湖州市
48,330200,330500,0.04519401490688324,121.4789837,29.73047805,宁波市,119.8687764,30.74481198,湖州市
49,330600,330500,0.07797705382108688,120.6365604,29.7346077,绍兴市,119.8687764,30.74481198,湖州市
50,331000,330500,0.033824797719717026,121.1372207,28.75727043,台州市,119.8687764,30.74481198,湖州市
51,330900,330500,0.03709173947572708,122.1820674,30.1180369,舟山市,119.8687764,30.74481198,湖州市
52,340800,330200,0.0016061175847426057,116.4859918,30.57552958,安庆市,121.4789837,29.73047805,宁波市
53,341700,330200,0.0032382288482040167,117.3641746,30.28325848,池州市,121.4789837,29.73047805,宁波市
54,341100,330200,0.001500051817856729,118.10233329999998,32.54422643,滁州市,121.4789837,29.73047805,宁波市
55,340100,330200,0.0013708863407373428,117.3550905,31.76262308,合肥市,121.4789837,29.73047805,宁波市
56,340500,330200,0.0026351171545684338,118.3652036,31.63860487,马鞍山市,121.4789837,29.73047805,宁波市
57,340700,330200,0.0023146942257881165,117.5556273,30.88462337,铜陵市,121.4789837,29.73047805,宁波市
58,340200,330200,0.0030734532047063112,118.1348385,31.16236504,芜湖市,121.4789837,29.73047805,宁波市
59,341800,330200,0.009848881512880325,118.8517787,30.68569806,宣城市,121.4789837,29.73047805,宁波市
60,320400,330200,0.009146560914814472,119.6365424,31.62492091,常州市,121.4789837,29.73047805,宁波市
61,320100,330200,0.003075747285038233,118.8427656,31.92759114,南京市,121.4789837,29.73047805,宁波市
62,320600,330200,0.013183257542550564,121.0443682,32.18304405,南通市,121.4789837,29.73047805,宁波市
63,320500,330200,0.024432189762592316,120.6558596,31.38349196,苏州市,121.4789837,29.73047805,宁波市
64,321200,330200,0.00415249727666378,120.0563571,32.57097365,泰州市,121.4789837,29.73047805,宁波市
65,320200,330200,0.013858226127922535,120.0756925,31.52400065,无锡市,121.4789837,29.73047805,宁波市
66,320900,330200,0.0029036516789346933,120.1948612,33.51415001,盐城市,121.4789837,29.73047805,宁波市
67,321000,330200,0.0025736954994499683,119.474472,32.73729539,扬州市,121.4789837,29.73047805,宁波市
68,321100,330200,0.004682515282183886,119.45292240000002,32.01570779,镇江市,121.4789837,29.73047805,宁波市
69,310000,330200,0.059156063944101334,121.4841515,31.21193692,上海市,121.4789837,29.73047805,宁波市
70,330100,330200,0.03823550418019295,119.4708146,29.89986219,杭州市,121.4789837,29.73047805,宁波市
71,330500,330200,0.02629496157169342,119.8687764,30.74481198,湖州市,121.4789837,29.73047805,宁波市
72,330400,330200,0.07864992320537567,120.7790269,30.62192563,嘉兴市,121.4789837,29.73047805,宁波市
73,330700,330200,0.08459538966417313,119.9522159,29.11710724,金华市,121.4789837,29.73047805,宁波市
74,330200,330200,9.96135327113734e-07,121.4789837,29.73047805,宁波市,121.4789837,29.73047805,宁波市
75,330600,330200,0.15654514729976654,120.6365604,29.7346077,绍兴市,121.4789837,29.73047805,宁波市
76,331000,330200,0.22474294900894165,121.1372207,28.75727043,台州市,121.4789837,29.73047805,宁波市
77,330900,330200,0.2762283682823181,122.1820674,30.1180369,舟山市,121.4789837,29.73047805,宁波市
78,340800,320200,0.008577237837016582,116.4859918,30.57552958,安庆市,120.0756925,31.52400065,无锡市
79,341700,320200,0.013059151358902454,117.3641746,30.28325848,池州市,120.0756925,31.52400065,无锡市
80,341100,320200,0.03028792329132557,118.10233329999998,32.54422643,滁州市,120.0756925,31.52400065,无锡市
81,340100,320200,0.0173804871737957,117.3550905,31.76262308,合肥市,120.0756925,31.52400065,无锡市
82,340500,320200,0.038882382214069366,118.3652036,31.63860487,马鞍山市,120.0756925,31.52400065,无锡市
83,340700,320200,0.01577705331146717,117.5556273,30.88462337,铜陵市,120.0756925,31.52400065,无锡市
84,340200,320200,0.028720567002892494,118.1348385,31.16236504,芜湖市,120.0756925,31.52400065,无锡市
85,341800,320200,0.052428483963012695,118.8517787,30.68569806,宣城市,120.0756925,31.52400065,无锡市
86,320400,320200,0.02087925188243389,119.6365424,31.62492091,常州市,120.0756925,31.52400065,无锡市
87,320100,320200,0.061460234224796295,118.8427656,31.92759114,南京市,120.0756925,31.52400065,无锡市
88,320600,320200,0.10906262695789337,121.0443682,32.18304405,南通市,120.0756925,31.52400065,无锡市
89,320500,320200,0.12353787571191788,120.6558596,31.38349196,苏州市,120.0756925,31.52400065,无锡市
90,321200,320200,0.08435821533203125,120.0563571,32.57097365,泰州市,120.0756925,31.52400065,无锡市
91,320200,320200,6.142940947029274e-07,120.0756925,31.52400065,无锡市,120.0756925,31.52400065,无锡市
92,320900,320200,0.048809610307216644,120.1948612,33.51415001,盐城市,120.0756925,31.52400065,无锡市
93,321000,320200,0.06039120629429817,119.474472,32.73729539,扬州市,120.0756925,31.52400065,无锡市
94,321100,320200,0.10695476830005646,119.45292240000002,32.01570779,镇江市,120.0756925,31.52400065,无锡市
95,310000,320200,0.08359776437282562,121.4841515,31.21193692,上海市,120.0756925,31.52400065,无锡市
96,330100,320200,0.04062426835298538,119.4708146,29.89986219,杭州市,120.0756925,31.52400065,无锡市
97,330500,320200,0.10014139115810394,119.8687764,30.74481198,湖州市,120.0756925,31.52400065,无锡市
98,330400,320200,0.0774199366569519,120.7790269,30.62192563,嘉兴市,120.0756925,31.52400065,无锡市
99,330700,320200,0.02038196288049221,119.9522159,29.11710724,金华市,120.0756925,31.52400065,无锡市
100,330200,320200,0.023972004652023315,121.4789837,29.73047805,宁波市,120.0756925,31.52400065,无锡市
101,330600,320200,0.030419904738664627,120.6365604,29.7346077,绍兴市,120.0756925,31.52400065,无锡市
102,331000,320200,0.013558650389313698,121.1372207,28.75727043,台州市,120.0756925,31.52400065,无锡市
103,330900,320200,0.028330542147159576,122.1820674,30.1180369,舟山市,120.0756925,31.52400065,无锡市
104,340800,321000,0.007063606288284063,116.4859918,30.57552958,安庆市,119.474472,32.73729539,扬州市
105,341700,321000,0.007065230049192905,117.3641746,30.28325848,池州市,119.474472,32.73729539,扬州市
106,341100,321000,0.09585889428853989,118.10233329999998,32.54422643,滁州市,119.474472,32.73729539,扬州市
107,340100,321000,0.02590653859078884,117.3550905,31.76262308,合肥市,119.474472,32.73729539,扬州市
108,340500,321000,0.038585882633924484,118.3652036,31.63860487,马鞍山市,119.474472,32.73729539,扬州市
109,340700,321000,0.011180487461388111,117.5556273,30.88462337,铜陵市,119.474472,32.73729539,扬州市
110,340200,321000,0.019202211871743202,118.1348385,31.16236504,芜湖市,119.474472,32.73729539,扬州市
111,341800,321000,0.015803102403879166,118.8517787,30.68569806,宣城市,119.474472,32.73729539,扬州市
112,320400,321000,0.06601042300462723,119.6365424,31.62492091,常州市,119.474472,32.73729539,扬州市
113,320100,321000,0.07450517266988754,118.8427656,31.92759114,南京市,119.474472,32.73729539,扬州市
114,320600,321000,0.06052837520837784,121.0443682,32.18304405,南通市,119.474472,32.73729539,扬州市
115,320500,321000,0.0279519222676754,120.6558596,31.38349196,苏州市,119.474472,32.73729539,扬州市
116,321200,321000,0.15978553891181946,120.0563571,32.57097365,泰州市,119.474472,32.73729539,扬州市
117,320200,321000,0.04747340828180313,120.0756925,31.52400065,无锡市,119.474472,32.73729539,扬州市
118,320900,321000,0.21345838904380798,120.1948612,33.51415001,盐城市,119.474472,32.73729539,扬州市
119,321000,321000,2.033507826126879e-06,119.474472,32.73729539,扬州市,119.474472,32.73729539,扬州市
120,321100,321000,0.10512460768222809,119.45292240000002,32.01570779,镇江市,119.474472,32.73729539,扬州市
121,310000,321000,0.01705087535083294,121.4841515,31.21193692,上海市,119.474472,32.73729539,扬州市
122,330100,321000,0.007372025400400162,119.4708146,29.89986219,杭州市,119.474472,32.73729539,扬州市
123,330500,321000,0.0161671731621027,119.8687764,30.74481198,湖州市,119.474472,32.73729539,扬州市
124,330400,321000,0.010790703818202019,120.7790269,30.62192563,嘉兴市,119.474472,32.73729539,扬州市
125,330700,321000,0.0033263599034398794,119.9522159,29.11710724,金华市,119.474472,32.73729539,扬州市
126,330200,321000,0.003522969549521804,121.4789837,29.73047805,宁波市,119.474472,32.73729539,扬州市
127,330600,321000,0.004331708885729313,120.6365604,29.7346077,绍兴市,119.474472,32.73729539,扬州市
128,331000,321000,0.0020156337413936853,121.1372207,28.75727043,台州市,119.474472,32.73729539,扬州市
129,330900,321000,0.004850876983255148,122.1820674,30.1180369,舟山市,119.474472,32.73729539,扬州市
130,340800,340100,0.1257513016462326,116.4859918,30.57552958,安庆市,117.3550905,31.76262308,合肥市
131,341700,340100,0.07292840629816055,117.3641746,30.28325848,池州市,117.3550905,31.76262308,合肥市
132,341100,340100,0.12584002315998077,118.10233329999998,32.54422643,滁州市,117.3550905,31.76262308,合肥市
133,340100,340100,7.954065495141549e-07,117.3550905,31.76262308,合肥市,117.3550905,31.76262308,合肥市
134,340500,340100,0.09180601686239243,118.3652036,31.63860487,马鞍山市,117.3550905,31.76262308,合肥市
135,340700,340100,0.11806393414735794,117.5556273,30.88462337,铜陵市,117.3550905,31.76262308,合肥市
136,340200,340100,0.09369317442178726,118.1348385,31.16236504,芜湖市,117.3550905,31.76262308,合肥市
137,341800,340100,0.03193141147494316,118.8517787,30.68569806,宣城市,117.3550905,31.76262308,合肥市
138,320400,340100,0.01987931691110134,119.6365424,31.62492091,常州市,117.3550905,31.76262308,合肥市
139,320100,340100,0.04959855601191521,118.8427656,31.92759114,南京市,117.3550905,31.76262308,合肥市
140,320600,340100,0.004905719310045242,121.0443682,32.18304405,南通市,117.3550905,31.76262308,合肥市
141,320500,340100,0.0052170343697071075,120.6558596,31.38349196,苏州市,117.3550905,31.76262308,合肥市
142,321200,340100,0.010891842655837536,120.0563571,32.57097365,泰州市,117.3550905,31.76262308,合肥市
143,320200,340100,0.010795839130878448,120.0756925,31.52400065,无锡市,117.3550905,31.76262308,合肥市
144,320900,340100,0.011775272898375988,120.1948612,33.51415001,盐城市,117.3550905,31.76262308,合肥市
145,321000,340100,0.02039402350783348,119.474472,32.73729539,扬州市,117.3550905,31.76262308,合肥市
146,321100,340100,0.02275722660124302,119.45292240000002,32.01570779,镇江市,117.3550905,31.76262308,合肥市
147,310000,340100,0.0027280859649181366,121.4841515,31.21193692,上海市,117.3550905,31.76262308,合肥市
148,330100,340100,0.010677666403353214,119.4708146,29.89986219,杭州市,117.3550905,31.76262308,合肥市
149,330500,340100,0.009842786937952042,119.8687764,30.74481198,湖州市,117.3550905,31.76262308,合肥市
150,330400,340100,0.0037039208691567183,120.7790269,30.62192563,嘉兴市,117.3550905,31.76262308,合肥市
151,330700,340100,0.004394449759274721,119.9522159,29.11710724,金华市,117.3550905,31.76262308,合肥市
152,330200,340100,0.0014732115669175982,121.4789837,29.73047805,宁波市,117.3550905,31.76262308,合肥市
153,330600,340100,0.0028384265024214983,120.6365604,29.7346077,绍兴市,117.3550905,31.76262308,合肥市
154,331000,340100,0.0015240652719512582,121.1372207,28.75727043,台州市,117.3550905,31.76262308,合肥市
155,330900,340100,0.0012658509658649564,122.1820674,30.1180369,舟山市,117.3550905,31.76262308,合肥市
156,340800,320500,0.004567346535623074,116.4859918,30.57552958,安庆市,120.6558596,31.38349196,苏州市
157,341700,320500,0.00743819447234273,117.3641746,30.28325848,池州市,120.6558596,31.38349196,苏州市
158,341100,320500,0.014697200618684292,118.10233329999998,32.54422643,滁州市,120.6558596,31.38349196,苏州市
159,340100,320500,0.008371337316930294,117.3550905,31.76262308,合肥市,120.6558596,31.38349196,苏州市
160,340500,320500,0.01839367114007473,118.3652036,31.63860487,马鞍山市,120.6558596,31.38349196,苏州市
161,340700,320500,0.008291369304060936,117.5556273,30.88462337,铜陵市,120.6558596,31.38349196,苏州市
162,340200,320500,0.014437970705330372,118.1348385,31.16236504,芜湖市,120.6558596,31.38349196,苏州市
163,341800,320500,0.03134151175618172,118.8517787,30.68569806,宣城市,120.6558596,31.38349196,苏州市
164,320400,320500,0.09271211177110672,119.6365424,31.62492091,常州市,120.6558596,31.38349196,苏州市
165,320100,320500,0.02933983877301216,118.8427656,31.92759114,南京市,120.6558596,31.38349196,苏州市
166,320600,320500,0.14267781376838684,121.0443682,32.18304405,南通市,120.6558596,31.38349196,苏州市
167,320500,320500,3.2061038268693665e-07,120.6558596,31.38349196,苏州市,120.6558596,31.38349196,苏州市
168,321200,320500,0.06021907925605774,120.0563571,32.57097365,泰州市,120.6558596,31.38349196,苏州市
169,320200,320500,0.12210065126419067,120.0756925,31.52400065,无锡市,120.6558596,31.38349196,苏州市
170,320900,320500,0.03835171461105347,120.1948612,33.51415001,盐城市,120.6558596,31.38349196,苏州市
171,321000,320500,0.03548288717865944,119.474472,32.73729539,扬州市,120.6558596,31.38349196,苏州市
172,321100,320500,0.0561646930873394,119.45292240000002,32.01570779,镇江市,120.6558596,31.38349196,苏州市
173,310000,320500,0.1709176003932953,121.4841515,31.21193692,上海市,120.6558596,31.38349196,苏州市
174,330100,320500,0.03589269891381264,119.4708146,29.89986219,杭州市,120.6558596,31.38349196,苏州市
175,330500,320500,0.08519156277179718,119.8687764,30.74481198,湖州市,120.6558596,31.38349196,苏州市
176,330400,320500,0.12021838128566742,120.7790269,30.62192563,嘉兴市,120.6558596,31.38349196,苏州市
177,330700,320500,0.022744640707969666,119.9522159,29.11710724,金华市,120.6558596,31.38349196,苏州市
178,330200,320500,0.042246412485837936,121.4789837,29.73047805,宁波市,120.6558596,31.38349196,苏州市
179,330600,320500,0.04227663204073906,120.6365604,29.7346077,绍兴市,120.6558596,31.38349196,苏州市
180,331000,320500,0.019915977492928505,121.1372207,28.75727043,台州市,120.6558596,31.38349196,苏州市
181,330900,320500,0.05761605128645897,122.1820674,30.1180369,舟山市,120.6558596,31.38349196,苏州市
182,340800,321100,0.013257992453873158,116.4859918,30.57552958,安庆市,119.45292240000002,32.01570779,镇江市
183,341700,321100,0.016116566956043243,117.3641746,30.28325848,池州市,119.45292240000002,32.01570779,镇江市
184,341100,321100,0.08660855144262314,118.10233329999998,32.54422643,滁州市,119.45292240000002,32.01570779,镇江市
185,340100,321100,0.03828044980764389,117.3550905,31.76262308,合肥市,119.45292240000002,32.01570779,镇江市
186,340500,321100,0.07632472366094589,118.3652036,31.63860487,马鞍山市,119.45292240000002,32.01570779,镇江市
187,340700,321100,0.02356494590640068,117.5556273,30.88462337,铜陵市,119.45292240000002,32.01570779,镇江市
188,340200,321100,0.04401237145066261,118.1348385,31.16236504,芜湖市,119.45292240000002,32.01570779,镇江市
189,341800,321100,0.04598858579993248,118.8517787,30.68569806,宣城市,119.45292240000002,32.01570779,镇江市
190,320400,321100,0.05049790069460869,119.6365424,31.62492091,常州市,119.45292240000002,32.01570779,镇江市
191,320100,321100,0.1181957945227623,118.8427656,31.92759114,南京市,119.45292240000002,32.01570779,镇江市
192,320600,321100,0.06986068189144135,121.0443682,32.18304405,南通市,119.45292240000002,32.01570779,镇江市
193,320500,321100,0.05870674550533295,120.6558596,31.38349196,苏州市,119.45292240000002,32.01570779,镇江市
194,321200,321100,0.12589053809642792,120.0563571,32.57097365,泰州市,119.45292240000002,32.01570779,镇江市
195,320200,321100,0.11185082048177719,120.0756925,31.52400065,无锡市,119.45292240000002,32.01570779,镇江市
196,320900,321100,0.0849025547504425,120.1948612,33.51415001,盐城市,119.45292240000002,32.01570779,镇江市
197,321000,321100,0.13936160504817963,119.474472,32.73729539,扬州市,119.45292240000002,32.01570779,镇江市
198,321100,321100,7.647178108527442e-07,119.45292240000002,32.01570779,镇江市,119.45292240000002,32.01570779,镇江市
199,310000,321100,0.030902614817023277,121.4841515,31.21193692,上海市,119.45292240000002,32.01570779,镇江市
200,330100,321100,0.021789558231830597,119.4708146,29.89986219,杭州市,119.45292240000002,32.01570779,镇江市
201,330500,321100,0.04761362820863724,119.8687764,30.74481198,湖州市,119.45292240000002,32.01570779,镇江市
202,330400,321100,0.026820136234164238,120.7790269,30.62192563,嘉兴市,119.45292240000002,32.01570779,镇江市
203,330700,321100,0.009517415426671505,119.9522159,29.11710724,金华市,119.45292240000002,32.01570779,镇江市
204,330200,321100,0.008455234579741955,121.4789837,29.73047805,宁波市,119.45292240000002,32.01570779,镇江市
205,330600,321100,0.011630382388830185,120.6365604,29.7346077,绍兴市,119.45292240000002,32.01570779,镇江市
206,331000,321100,0.005244202446192503,121.1372207,28.75727043,台州市,119.45292240000002,32.01570779,镇江市
207,330900,321100,0.00992332212626934,122.1820674,30.1180369,舟山市,119.45292240000002,32.01570779,镇江市
208,340800,340500,0.055363334715366364,116.4859918,30.57552958,安庆市,118.3652036,31.63860487,马鞍山市
209,341700,340500,0.05874057114124298,117.3641746,30.28325848,池州市,118.3652036,31.63860487,马鞍山市
210,341100,340500,0.13678541779518127,118.10233329999998,32.54422643,滁州市,118.3652036,31.63860487,马鞍山市
211,340100,340500,0.14777331054210663,117.3550905,31.76262308,合肥市,118.3652036,31.63860487,马鞍山市
212,340500,340500,1.3913755765315727e-06,118.3652036,31.63860487,马鞍山市,118.3652036,31.63860487,马鞍山市
213,340700,340500,0.09634515643119812,117.5556273,30.88462337,铜陵市,118.3652036,31.63860487,马鞍山市
214,340200,340500,0.14586204290390015,118.1348385,31.16236504,芜湖市,118.3652036,31.63860487,马鞍山市
215,341800,340500,0.0800730362534523,118.8517787,30.68569806,宣城市,118.3652036,31.63860487,马鞍山市
216,320400,340500,0.07031899690628052,119.6365424,31.62492091,常州市,118.3652036,31.63860487,马鞍山市
217,320100,340500,0.11594605445861816,118.8427656,31.92759114,南京市,118.3652036,31.63860487,马鞍山市
218,320600,340500,0.015862375497817993,121.0443682,32.18304405,南通市,118.3652036,31.63860487,马鞍山市
219,320500,340500,0.018329760059714317,120.6558596,31.38349196,苏州市,118.3652036,31.63860487,马鞍山市
220,321200,340500,0.03090313822031021,120.0563571,32.57097365,泰州市,118.3652036,31.63860487,马鞍山市
221,320200,340500,0.03859303146600723,120.0756925,31.52400065,无锡市,118.3652036,31.63860487,马鞍山市
222,320900,340500,0.025154197588562965,120.1948612,33.51415001,盐城市,118.3652036,31.63860487,马鞍山市
223,321000,340500,0.0487561859190464,119.474472,32.73729539,扬州市,118.3652036,31.63860487,马鞍山市
224,321100,340500,0.07289694249629974,119.45292240000002,32.01570779,镇江市,118.3652036,31.63860487,马鞍山市
225,310000,340500,0.009459348395466805,121.4841515,31.21193692,上海市,118.3652036,31.63860487,马鞍山市
226,330100,340500,0.026201950386166573,119.4708146,29.89986219,杭州市,118.3652036,31.63860487,马鞍山市
227,330500,340500,0.03228455409407616,119.8687764,30.74481198,湖州市,118.3652036,31.63860487,马鞍山市
228,330400,340500,0.01236073486506939,120.7790269,30.62192563,嘉兴市,118.3652036,31.63860487,马鞍山市
229,330700,340500,0.0102554215118289,119.9522159,29.11710724,金华市,118.3652036,31.63860487,马鞍山市
230,330200,340500,0.004549092147499323,121.4789837,29.73047805,宁波市,118.3652036,31.63860487,马鞍山市
231,330600,340500,0.00821629073470831,120.6365604,29.7346077,绍兴市,118.3652036,31.63860487,马鞍山市
232,331000,340500,0.004009243566542864,121.1372207,28.75727043,台州市,118.3652036,31.63860487,马鞍山市
233,330900,340500,0.004123080056160688,122.1820674,30.1180369,舟山市,118.3652036,31.63860487,马鞍山市
234,340800,330100,0.019640369340777397,116.4859918,30.57552958,安庆市,119.4708146,29.89986219,杭州市
235,341700,330100,0.04219895228743553,117.3641746,30.28325848,池州市,119.4708146,29.89986219,杭州市
236,341100,330100,0.007918751798570156,118.10233329999998,32.54422643,滁州市,119.4708146,29.89986219,杭州市
237,340100,330100,0.011974558234214783,117.3550905,31.76262308,合肥市,119.4708146,29.89986219,杭州市
238,340500,330100,0.01837306283414364,118.3652036,31.63860487,马鞍山市,119.4708146,29.89986219,杭州市
239,340700,330100,0.02639804594218731,117.5556273,30.88462337,铜陵市,119.4708146,29.89986219,杭州市
240,340200,330100,0.029260655865073204,118.1348385,31.16236504,芜湖市,119.4708146,29.89986219,杭州市
241,341800,330100,0.09449322521686554,118.8517787,30.68569806,宣城市,119.4708146,29.89986219,杭州市
242,320400,330100,0.028416765853762627,119.6365424,31.62492091,常州市,119.4708146,29.89986219,杭州市
243,320100,330100,0.014873682521283627,118.8427656,31.92759114,南京市,119.4708146,29.89986219,杭州市
244,320600,330100,0.010502850636839867,121.0443682,32.18304405,南通市,119.4708146,29.89986219,杭州市
245,320500,330100,0.0251018013805151,120.6558596,31.38349196,苏州市,119.4708146,29.89986219,杭州市
246,321200,330100,0.0072820172645151615,120.0563571,32.57097365,泰州市,119.4708146,29.89986219,杭州市
247,320200,330100,0.028346804901957512,120.0756925,31.52400065,无锡市,119.4708146,29.89986219,杭州市
248,320900,330100,0.004357832483947277,120.1948612,33.51415001,盐城市,119.4708146,29.89986219,杭州市
249,321000,330100,0.006485869642347097,119.474472,32.73729539,扬州市,119.4708146,29.89986219,杭州市
250,321100,330100,0.01455739326775074,119.45292240000002,32.01570779,镇江市,119.4708146,29.89986219,杭州市
251,310000,330100,0.02147866040468216,121.4841515,31.21193692,上海市,119.4708146,29.89986219,杭州市
252,330100,330100,2.148780424704455e-07,119.4708146,29.89986219,杭州市,119.4708146,29.89986219,杭州市
253,330500,330100,0.08808287978172302,119.8687764,30.74481198,湖州市,119.4708146,29.89986219,杭州市
254,330400,330100,0.05525616928935051,120.7790269,30.62192563,嘉兴市,119.4708146,29.89986219,杭州市
255,330700,330100,0.19694098830223083,119.9522159,29.11710724,金华市,119.4708146,29.89986219,杭州市
256,330200,330100,0.04619278386235237,121.4789837,29.73047805,宁波市,119.4708146,29.89986219,杭州市
257,330600,330100,0.106940358877182,120.6365604,29.7346077,绍兴市,119.4708146,29.89986219,杭州市
258,331000,330100,0.06779438257217407,121.1372207,28.75727043,台州市,119.4708146,29.89986219,杭州市
259,330900,330100,0.026556065306067467,122.1820674,30.1180369,舟山市,119.4708146,29.89986219,杭州市
260,340800,310000,0.0017790821148082614,116.4859918,30.57552958,安庆市,121.4841515,31.21193692,上海市
261,341700,310000,0.0030489673372358084,117.3641746,30.28325848,池州市,121.4841515,31.21193692,上海市
262,341100,310000,0.005330041982233524,118.10233329999998,32.54422643,滁州市,121.4841515,31.21193692,上海市
263,340100,310000,0.002956059295684099,117.3550905,31.76262308,合肥市,121.4841515,31.21193692,上海市
264,340500,310000,0.0063775633461773396,118.3652036,31.63860487,马鞍山市,121.4841515,31.21193692,上海市
265,340700,310000,0.003128925571218133,117.5556273,30.88462337,铜陵市,121.4841515,31.21193692,上海市
266,340200,310000,0.00526029709726572,118.1348385,31.16236504,芜湖市,121.4841515,31.21193692,上海市
267,341800,310000,0.012543193995952606,118.8517787,30.68569806,宣城市,121.4841515,31.21193692,上海市
268,320400,310000,0.03313913196325302,119.6365424,31.62492091,常州市,121.4841515,31.21193692,上海市
269,320100,310000,0.010057910345494747,118.8427656,31.92759114,南京市,121.4841515,31.21193692,上海市
270,320600,310000,0.11388536542654037,121.0443682,32.18304405,南通市,121.4841515,31.21193692,上海市
271,320500,310000,0.11533261835575104,120.6558596,31.38349196,苏州市,121.4841515,31.21193692,上海市
272,321200,310000,0.027766434475779533,120.0563571,32.57097365,泰州市,121.4841515,31.21193692,上海市
273,320200,310000,0.05639897659420967,120.0756925,31.52400065,无锡市,121.4841515,31.21193692,上海市
274,320900,310000,0.022207580506801605,120.1948612,33.51415001,盐城市,121.4841515,31.21193692,上海市
275,321000,310000,0.01459317747503519,119.474472,32.73729539,扬州市,121.4841515,31.21193692,上海市
276,321100,310000,0.020014775916934013,119.45292240000002,32.01570779,镇江市,121.4841515,31.21193692,上海市
277,310000,310000,2.3127573456349637e-07,121.4841515,31.21193692,上海市,121.4841515,31.21193692,上海市
278,330100,310000,0.020809968933463097,119.4708146,29.89986219,杭州市,121.4841515,31.21193692,上海市
279,330500,310000,0.040102723985910416,119.8687764,30.74481198,湖州市,121.4841515,31.21193692,上海市
280,330400,310000,0.10994791984558105,120.7790269,30.62192563,嘉兴市,121.4841515,31.21193692,上海市
281,330700,310000,0.01904580555856228,119.9522159,29.11710724,金华市,121.4841515,31.21193692,上海市
282,330200,310000,0.06928888708353043,121.4789837,29.73047805,宁波市,121.4841515,31.21193692,上海市
283,330600,310000,0.04317295178771019,120.6365604,29.7346077,绍兴市,121.4841515,31.21193692,上海市
284,331000,310000,0.026643427088856697,121.1372207,28.75727043,台州市,121.4841515,31.21193692,上海市
285,330900,310000,0.13622623682022095,122.1820674,30.1180369,舟山市,121.4841515,31.21193692,上海市
286,340800,320600,0.0020980951376259327,116.4859918,30.57552958,安庆市,121.0443682,32.18304405,南通市
287,341700,320600,0.002938492689281702,117.3641746,30.28325848,池州市,121.0443682,32.18304405,南通市
288,341100,320600,0.013531273230910301,118.10233329999998,32.54422643,滁州市,121.0443682,32.18304405,南通市
289,340100,320600,0.005239532794803381,117.3550905,31.76262308,合肥市,121.0443682,32.18304405,南通市
290,340500,320600,0.01055954396724701,118.3652036,31.63860487,马鞍山市,121.0443682,32.18304405,南通市
291,340700,320600,0.0037474697455763817,117.5556273,30.88462337,铜陵市,121.0443682,32.18304405,南通市
292,340200,320600,0.006770335603505373,118.1348385,31.16236504,芜湖市,121.0443682,32.18304405,南通市
293,341800,320600,0.010920068249106407,118.8517787,30.68569806,宣城市,121.0443682,32.18304405,南通市
294,320400,320600,0.05142669752240181,119.6365424,31.62492091,常州市,121.0443682,32.18304405,南通市
295,320100,320600,0.020145095884799957,118.8427656,31.92759114,南京市,121.0443682,32.18304405,南通市
296,320600,320600,6.293768706200353e-07,121.0443682,32.18304405,南通市,121.0443682,32.18304405,南通市
297,320500,320600,0.09479775279760361,120.6558596,31.38349196,苏州市,121.0443682,32.18304405,南通市
298,321200,320600,0.10182950645685196,120.0563571,32.57097365,泰州市,121.0443682,32.18304405,南通市
299,320200,320600,0.07225547730922699,120.0756925,31.52400065,无锡市,121.0443682,32.18304405,南通市
300,320900,320600,0.10234088450670242,120.1948612,33.51415001,盐城市,121.0443682,32.18304405,南通市
301,321000,320600,0.0511983186006546,119.474472,32.73729539,扬州市,121.0443682,32.18304405,南通市
302,321100,320600,0.04449117183685303,119.45292240000002,32.01570779,镇江市,121.0443682,32.18304405,南通市
303,310000,320600,0.11213261634111404,121.4841515,31.21193692,上海市,121.0443682,32.18304405,南通市
304,330100,320600,0.010006113909184933,119.4708146,29.89986219,杭州市,121.0443682,32.18304405,南通市
305,330500,320600,0.025273112580180168,119.8687764,30.74481198,湖州市,121.0443682,32.18304405,南通市
306,330400,320600,0.03795759007334709,120.7790269,30.62192563,嘉兴市,121.0443682,32.18304405,南通市
307,330700,320600,0.006449091713875532,119.9522159,29.11710724,金华市,121.0443682,32.18304405,南通市
308,330200,320600,0.015145080164074898,121.4789837,29.73047805,宁波市,121.0443682,32.18304405,南通市
309,330600,320600,0.012221337296068668,120.6365604,29.7346077,绍兴市,121.0443682,32.18304405,南通市
310,331000,320600,0.006502037867903709,121.1372207,28.75727043,台州市,121.0443682,32.18304405,南通市
311,330900,320600,0.02905900776386261,122.1820674,30.1180369,舟山市,121.0443682,32.18304405,南通市
312,340800,321200,0.004626333247870207,116.4859918,30.57552958,安庆市,120.0563571,32.57097365,泰州市
313,341700,321200,0.00533734355121851,117.3641746,30.28325848,池州市,120.0563571,32.57097365,泰州市
314,341100,321200,0.047246843576431274,118.10233329999998,32.54422643,滁州市,120.0563571,32.57097365,泰州市
315,340100,321200,0.014742856845259666,117.3550905,31.76262308,合肥市,120.0563571,32.57097365,泰州市
316,340500,321200,0.026076797395944595,118.3652036,31.63860487,马鞍山市,120.0563571,32.57097365,泰州市
317,340700,321200,0.007852019742131233,117.5556273,30.88462337,铜陵市,120.0563571,32.57097365,泰州市
318,340200,321200,0.014083797112107277,118.1348385,31.16236504,芜湖市,120.0563571,32.57097365,泰州市
319,341800,321200,0.015265540219843388,118.8517787,30.68569806,宣城市,120.0563571,32.57097365,泰州市
320,320400,321200,0.07771668583154678,119.6365424,31.62492091,常州市,120.0563571,32.57097365,泰州市
321,320100,321200,0.05297805741429329,118.8427656,31.92759114,南京市,120.0563571,32.57097365,泰州市
322,320600,321200,0.12883877754211426,121.0443682,32.18304405,南通市,120.0563571,32.57097365,泰州市
323,320500,321200,0.05055296793580055,120.6558596,31.38349196,苏州市,120.0563571,32.57097365,泰州市
324,321200,321200,1.725502556837455e-06,120.0563571,32.57097365,泰州市,120.0563571,32.57097365,泰州市
325,320200,321200,0.07083072513341904,120.0756925,31.52400065,无锡市,120.0563571,32.57097365,泰州市
326,320900,321200,0.224982351064682,120.1948612,33.51415001,盐城市,120.0563571,32.57097365,泰州市
327,321000,321200,0.1704721599817276,119.474472,32.73729539,扬州市,120.0563571,32.57097365,泰州市
328,321100,321200,0.10109758377075195,119.45292240000002,32.01570779,镇江市,120.0563571,32.57097365,泰州市
329,310000,321200,0.03442888706922531,121.4841515,31.21193692,上海市,120.0563571,32.57097365,泰州市
330,330100,321200,0.008815350010991096,119.4708146,29.89986219,杭州市,120.0563571,32.57097365,泰州市
331,330500,321200,0.02150479517877102,119.8687764,30.74481198,湖州市,120.0563571,32.57097365,泰州市
332,330400,321200,0.018079347908496857,120.7790269,30.62192563,嘉兴市,120.0563571,32.57097365,泰州市
333,330700,321200,0.0043802508153021336,119.9522159,29.11710724,金华市,120.0563571,32.57097365,泰州市
334,330200,321200,0.00604289211332798,121.4789837,29.73047805,宁波市,120.0563571,32.57097365,泰州市
335,330600,321200,0.00656549446284771,120.6365604,29.7346077,绍兴市,120.0563571,32.57097365,泰州市
336,331000,321200,0.003106967778876424,121.1372207,28.75727043,台州市,120.0563571,32.57097365,泰州市
337,330900,321200,0.009213566780090332,122.1820674,30.1180369,舟山市,120.0563571,32.57097365,泰州市
338,340800,330700,0.007128276862204075,116.4859918,30.57552958,安庆市,119.9522159,29.11710724,金华市
339,341700,330700,0.01504914928227663,117.3641746,30.28325848,池州市,119.9522159,29.11710724,金华市
340,341100,330700,0.0021317352075129747,118.10233329999998,32.54422643,滁州市,119.9522159,29.11710724,金华市
341,340100,330700,0.0032894618343561888,117.3550905,31.76262308,合肥市,119.9522159,29.11710724,金华市
342,340500,330700,0.004775654058903456,118.3652036,31.63860487,马鞍山市,119.9522159,29.11710724,金华市
343,340700,330700,0.007802722509950399,117.5556273,30.88462337,铜陵市,119.9522159,29.11710724,金华市
344,340200,330700,0.007671594154089689,118.1348385,31.16236504,芜湖市,119.9522159,29.11710724,金华市
345,341800,330700,0.02457679994404316,118.8517787,30.68569806,宣城市,119.9522159,29.11710724,金华市
346,320400,330700,0.008331982418894768,119.6365424,31.62492091,常州市,119.9522159,29.11710724,金华市
347,320100,330700,0.003973247017711401,118.8427656,31.92759114,南京市,119.9522159,29.11710724,金华市
348,320600,330700,0.00451466953381896,121.0443682,32.18304405,南通市,119.9522159,29.11710724,金华市
349,320500,330700,0.010571912862360477,120.6558596,31.38349196,苏州市,119.9522159,29.11710724,金华市
350,321200,330700,0.0024155029095709324,120.0563571,32.57097365,泰州市,119.9522159,29.11710724,金华市
351,320200,330700,0.009465453214943409,120.0756925,31.52400065,无锡市,119.9522159,29.11710724,金华市
352,320900,330700,0.0014916372019797564,120.1948612,33.51415001,盐城市,119.9522159,29.11710724,金华市
353,321000,330700,0.001954729203134775,119.474472,32.73729539,扬州市,119.9522159,29.11710724,金华市
354,321100,330700,0.004235825501382351,119.45292240000002,32.01570779,镇江市,119.9522159,29.11710724,金华市
355,310000,330700,0.013107004575431347,121.4841515,31.21193692,上海市,119.9522159,29.11710724,金华市
356,330100,330700,0.13138078153133392,119.4708146,29.89986219,杭州市,119.9522159,29.11710724,金华市
357,330500,330700,0.0296955406665802,119.8687764,30.74481198,湖州市,119.9522159,29.11710724,金华市
358,330400,330700,0.03241454437375069,120.7790269,30.62192563,嘉兴市,119.9522159,29.11710724,金华市
359,330700,330700,1.4676326145490748e-06,119.9522159,29.11710724,金华市,119.9522159,29.11710724,金华市
360,330200,330700,0.06769686192274094,121.4789837,29.73047805,宁波市,119.9522159,29.11710724,金华市
361,330600,330700,0.13068610429763794,120.6365604,29.7346077,绍兴市,119.9522159,29.11710724,金华市
362,331000,330700,0.19839134812355042,121.1372207,28.75727043,台州市,119.9522159,29.11710724,金华市
363,330900,330700,0.03299900144338608,122.1820674,30.1180369,舟山市,119.9522159,29.11710724,金华市
364,340800,330900,0.0007023025536909699,116.4859918,30.57552958,安庆市,122.1820674,30.1180369,舟山市
365,341700,330900,0.0013578092912212014,117.3641746,30.28325848,池州市,122.1820674,30.1180369,舟山市
366,341100,330900,0.0010332249803468585,118.10233329999998,32.54422643,滁州市,122.1820674,30.1180369,舟山市
367,340100,330900,0.0007571448804810643,117.3550905,31.76262308,合肥市,122.1820674,30.1180369,舟山市
368,340500,330900,0.001526404288597405,118.3652036,31.63860487,马鞍山市,122.1820674,30.1180369,舟山市
369,340700,330900,0.0010878973407670856,117.5556273,30.88462337,铜陵市,122.1820674,30.1180369,舟山市
370,340200,330900,0.0015640162164345384,118.1348385,31.16236504,芜湖市,122.1820674,30.1180369,舟山市
371,341800,330900,0.004564256407320499,118.8517787,30.68569806,宣城市,122.1820674,30.1180369,舟山市
372,320400,330900,0.006310712080448866,119.6365424,31.62492091,常州市,122.1820674,30.1180369,舟山市
373,320100,330900,0.0020071545150130987,118.8427656,31.92759114,南京市,122.1820674,30.1180369,舟山市
374,320600,330900,0.01580531895160675,121.0443682,32.18304405,南通市,122.1820674,30.1180369,舟山市
375,320500,330900,0.02068498358130455,120.6558596,31.38349196,苏州市,122.1820674,30.1180369,舟山市
376,321200,330900,0.003999289125204086,120.0563571,32.57097365,泰州市,122.1820674,30.1180369,舟山市
377,320200,330900,0.010257137008011341,120.0756925,31.52400065,无锡市,122.1820674,30.1180369,舟山市
378,320900,330900,0.003311116248369217,120.1948612,33.51415001,盐城市,122.1820674,30.1180369,舟山市
379,321000,330900,0.002260887995362282,119.474472,32.73729539,扬州市,122.1820674,30.1180369,舟山市
380,321100,330900,0.0034686648286879063,119.45292240000002,32.01570779,镇江市,122.1820674,30.1180369,舟山市
381,310000,330900,0.0728997215628624,121.4841515,31.21193692,上海市,122.1820674,30.1180369,舟山市
382,330100,330900,0.013739285059273243,119.4708146,29.89986219,杭州市,122.1820674,30.1180369,舟山市
383,330500,330900,0.013486769050359726,119.8687764,30.74481198,湖州市,122.1820674,30.1180369,舟山市
384,330400,330900,0.049022965133190155,120.7790269,30.62192563,嘉兴市,122.1820674,30.1180369,舟山市
385,330700,330900,0.02566559612751007,119.9522159,29.11710724,金华市,122.1820674,30.1180369,舟山市
386,330200,330900,0.17321932315826416,121.4789837,29.73047805,宁波市,122.1820674,30.1180369,舟山市
387,330600,330900,0.05360938608646393,120.6365604,29.7346077,绍兴市,122.1820674,30.1180369,舟山市
388,331000,330900,0.07922937721014023,121.1372207,28.75727043,台州市,122.1820674,30.1180369,舟山市
389,330900,330900,8.494405483361334e-05,122.1820674,30.1180369,舟山市,122.1820674,30.1180369,舟山市
390,340800,340200,0.09982267767190933,116.4859918,30.57552958,安庆市,118.1348385,31.16236504,芜湖市
391,341700,340200,0.12459522485733032,117.3641746,30.28325848,池州市,118.1348385,31.16236504,芜湖市
392,341100,340200,0.07015396654605865,118.10233329999998,32.54422643,滁州市,118.1348385,31.16236504,芜湖市
393,340100,340200,0.14145877957344055,117.3550905,31.76262308,合肥市,118.1348385,31.16236504,芜湖市
394,340500,340200,0.13903379440307617,118.3652036,31.63860487,马鞍山市,118.1348385,31.16236504,芜湖市
395,340700,340200,0.18020445108413696,117.5556273,30.88462337,铜陵市,118.1348385,31.16236504,芜湖市
396,340200,340200,2.650029045980773e-06,118.1348385,31.16236504,芜湖市,118.1348385,31.16236504,芜湖市
397,341800,340200,0.11479300260543823,118.8517787,30.68569806,宣城市,118.1348385,31.16236504,芜湖市
398,320400,340200,0.04628473147749901,119.6365424,31.62492091,常州市,118.1348385,31.16236504,芜湖市
399,320100,340200,0.07430344820022583,118.8427656,31.92759114,南京市,118.1348385,31.16236504,芜湖市
400,320600,340200,0.009626156650483608,121.0443682,32.18304405,南通市,118.1348385,31.16236504,芜湖市
401,320500,340200,0.013601463288068771,120.6558596,31.38349196,苏州市,118.1348385,31.16236504,芜湖市
402,321200,340200,0.015771472826600075,120.0563571,32.57097365,泰州市,118.1348385,31.16236504,芜湖市
403,320200,340200,0.02692774124443531,120.0756925,31.52400065,无锡市,118.1348385,31.16236504,芜湖市
404,320900,340200,0.012156419456005096,120.1948612,33.51415001,盐城市,118.1348385,31.16236504,芜湖市
405,321000,340200,0.022907795384526253,119.474472,32.73729539,扬州市,118.1348385,31.16236504,芜湖市
406,321100,340200,0.03954106941819191,119.45292240000002,32.01570779,镇江市,118.1348385,31.16236504,芜湖市
407,310000,340200,0.007367133628576994,121.4841515,31.21193692,上海市,118.1348385,31.16236504,芜湖市
408,330100,340200,0.03935065120458603,119.4708146,29.89986219,杭州市,118.1348385,31.16236504,芜湖市
409,330500,340200,0.03312729671597481,119.8687764,30.74481198,湖州市,118.1348385,31.16236504,芜湖市
410,330400,340200,0.011775358580052853,120.7790269,30.62192563,嘉兴市,118.1348385,31.16236504,芜湖市
411,330700,340200,0.01557430811226368,119.9522159,29.11710724,金华市,118.1348385,31.16236504,芜湖市
412,330200,340200,0.005013120360672474,121.4789837,29.73047805,宁波市,118.1348385,31.16236504,芜湖市
413,330600,340200,0.01005126629024744,120.6365604,29.7346077,绍兴市,118.1348385,31.16236504,芜湖市
414,331000,340200,0.005364628974348307,121.1372207,28.75727043,台州市,118.1348385,31.16236504,芜湖市
415,330900,340200,0.0039849174208939075,122.1820674,30.1180369,舟山市,118.1348385,31.16236504,芜湖市
416,340800,341800,0.04651809111237526,116.4859918,30.57552958,安庆市,118.8517787,30.68569806,宣城市
417,341700,341800,0.08605235815048218,117.3641746,30.28325848,池州市,118.8517787,30.68569806,宣城市
418,341100,341800,0.029048770666122437,118.10233329999998,32.54422643,滁州市,118.8517787,30.68569806,宣城市
419,340100,341800,0.04494554176926613,117.3550905,31.76262308,合肥市,118.8517787,30.68569806,宣城市
420,340500,341800,0.0701882466673851,118.3652036,31.63860487,马鞍山市,118.8517787,30.68569806,宣城市
421,340700,341800,0.08111567050218582,117.5556273,30.88462337,铜陵市,118.8517787,30.68569806,宣城市
422,340200,341800,0.10718068480491638,118.1348385,31.16236504,芜湖市,118.8517787,30.68569806,宣城市
423,341800,341800,2.594755869722576e-06,118.8517787,30.68569806,宣城市,118.8517787,30.68569806,宣城市
424,320400,341800,0.06268753111362457,119.6365424,31.62492091,常州市,118.8517787,30.68569806,宣城市
425,320100,341800,0.05025341361761093,118.8427656,31.92759114,南京市,118.8517787,30.68569806,宣城市
426,320600,341800,0.014420873485505581,121.0443682,32.18304405,南通市,118.8517787,30.68569806,宣城市
427,320500,341800,0.027361005544662476,120.6558596,31.38349196,苏州市,118.8517787,30.68569806,宣城市
428,321200,341800,0.015911398455500603,120.0563571,32.57097365,泰州市,118.8517787,30.68569806,宣城市
429,320200,341800,0.04559490457177162,120.0756925,31.52400065,无锡市,118.8517787,30.68569806,宣城市
430,320900,341800,0.010120240971446037,120.1948612,33.51415001,盐城市,118.8517787,30.68569806,宣城市
431,321000,341800,0.01754053309559822,119.474472,32.73729539,扬州市,118.8517787,30.68569806,宣城市
432,321100,341800,0.038455329835414886,119.45292240000002,32.01570779,镇江市,118.8517787,30.68569806,宣城市
433,310000,341800,0.016278956085443497,121.4841515,31.21193692,上海市,118.8517787,30.68569806,宣城市
434,330100,341800,0.11927387863397598,119.4708146,29.89986219,杭州市,118.8517787,30.68569806,宣城市
435,330500,341800,0.0883069783449173,119.8687764,30.74481198,湖州市,118.8517787,30.68569806,宣城市
436,330400,341800,0.03200851008296013,120.7790269,30.62192563,嘉兴市,118.8517787,30.68569806,宣城市
437,330700,341800,0.04634307324886322,119.9522159,29.11710724,金华市,118.8517787,30.68569806,宣城市
438,330200,341800,0.01495618186891079,121.4789837,29.73047805,宁波市,118.8517787,30.68569806,宣城市
439,330600,341800,0.03123607113957405,120.6365604,29.7346077,绍兴市,118.8517787,30.68569806,宣城市
440,331000,341800,0.016378527507185936,121.1372207,28.75727043,台州市,118.8517787,30.68569806,宣城市
441,330900,341800,0.010933519341051579,122.1820674,30.1180369,舟山市,118.8517787,30.68569806,宣城市
442,340800,330400,0.004336347803473473,116.4859918,30.57552958,安庆市,120.7790269,30.62192563,嘉兴市
443,341700,330400,0.00814345758408308,117.3641746,30.28325848,池州市,120.7790269,30.62192563,嘉兴市
444,341100,330400,0.006777720060199499,118.10233329999998,32.54422643,滁州市,120.7790269,30.62192563,嘉兴市
445,340100,330400,0.005313237197697163,117.3550905,31.76262308,合肥市,120.7790269,30.62192563,嘉兴市
446,340500,330400,0.011040017940104008,118.3652036,31.63860487,马鞍山市,120.7790269,30.62192563,嘉兴市
447,340700,330400,0.007274560164660215,117.5556273,30.88462337,铜陵市,120.7790269,30.62192563,嘉兴市
448,340200,330400,0.011131124570965767,118.1348385,31.16236504,芜湖市,120.7790269,30.62192563,嘉兴市
449,341800,330400,0.03261122107505798,118.8517787,30.68569806,宣城市,120.7790269,30.62192563,嘉兴市
450,320400,330400,0.045152515172958374,119.6365424,31.62492091,常州市,120.7790269,30.62192563,嘉兴市
451,320100,330400,0.01421433500945568,118.8427656,31.92759114,南京市,120.7790269,30.62192563,嘉兴市
452,320600,330400,0.05078218877315521,121.0443682,32.18304405,南通市,120.7790269,30.62192563,嘉兴市
453,320500,330400,0.10698529332876205,120.6558596,31.38349196,苏州市,120.7790269,30.62192563,嘉兴市
454,321200,330400,0.019162481650710106,120.0563571,32.57097365,泰州市,120.7790269,30.62192563,嘉兴市
455,320200,330400,0.06876187026500702,120.0756925,31.52400065,无锡市,120.7790269,30.62192563,嘉兴市
456,320900,330400,0.012303130701184273,120.1948612,33.51415001,盐城市,120.7790269,30.62192563,嘉兴市
457,321000,330400,0.012172323651611805,119.474472,32.73729539,扬州市,120.7790269,30.62192563,嘉兴市
458,321100,330400,0.02286524325609207,119.45292240000002,32.01570779,镇江市,120.7790269,30.62192563,嘉兴市
459,310000,330400,0.14511220157146454,121.4841515,31.21193692,上海市,120.7790269,30.62192563,嘉兴市
460,330100,330400,0.07030589878559113,119.4708146,29.89986219,杭州市,120.7790269,30.62192563,嘉兴市
461,330500,330400,0.10133173316717148,119.8687764,30.74481198,湖州市,120.7790269,30.62192563,嘉兴市
462,330400,330400,5.183628104532545e-07,120.7790269,30.62192563,嘉兴市,120.7790269,30.62192563,嘉兴市
463,330700,330400,0.062296684831380844,119.9522159,29.11710724,金华市,120.7790269,30.62192563,嘉兴市
464,330200,330400,0.12128470838069916,121.4789837,29.73047805,宁波市,120.7790269,30.62192563,嘉兴市
465,330600,330400,0.12512759864330292,120.6365604,29.7346077,绍兴市,120.7790269,30.62192563,嘉兴市
466,331000,330400,0.0615253746509552,121.1372207,28.75727043,台州市,120.7790269,30.62192563,嘉兴市
467,330900,330400,0.1211426630616188,122.1820674,30.1180369,舟山市,120.7790269,30.62192563,嘉兴市
468,340800,341100,0.02740364894270897,116.4859918,30.57552958,安庆市,118.10233329999998,32.54422643,滁州市
469,341700,341100,0.019419925287365913,117.3641746,30.28325848,池州市,118.10233329999998,32.54422643,滁州市
470,341100,341100,3.6843825910182204e-06,118.10233329999998,32.54422643,滁州市,118.10233329999998,32.54422643,滁州市
471,340100,341100,0.12121320515871048,117.3550905,31.76262308,合肥市,118.10233329999998,32.54422643,滁州市
472,340500,341100,0.0820123702287674,118.3652036,31.63860487,马鞍山市,118.10233329999998,32.54422643,滁州市
473,340700,341100,0.03338773548603058,117.5556273,30.88462337,铜陵市,118.10233329999998,32.54422643,滁州市
474,340200,341100,0.04467493295669556,118.1348385,31.16236504,芜湖市,118.10233329999998,32.54422643,滁州市
475,341800,341100,0.019880693405866623,118.8517787,30.68569806,宣城市,118.10233329999998,32.54422643,滁州市
476,320400,341100,0.03278099745512009,119.6365424,31.62492091,常州市,118.10233329999998,32.54422643,滁州市
477,320100,341100,0.08459258079528809,118.8427656,31.92759114,南京市,118.10233329999998,32.54422643,滁州市
478,320600,341100,0.012234478257596493,121.0443682,32.18304405,南通市,118.10233329999998,32.54422643,滁州市
479,320500,341100,0.008827678859233856,120.6558596,31.38349196,苏州市,118.10233329999998,32.54422643,滁州市
480,321200,341100,0.03363046795129776,120.0563571,32.57097365,泰州市,118.10233329999998,32.54422643,滁州市
481,320200,341100,0.018105557188391685,120.0756925,31.52400065,无锡市,118.10233329999998,32.54422643,滁州市
482,320900,341100,0.046548496931791306,120.1948612,33.51415001,盐城市,118.10233329999998,32.54422643,滁州市
483,321000,341100,0.07267581671476364,119.474472,32.73729539,扬州市,118.10233329999998,32.54422643,滁州市
484,321100,341100,0.04950307309627533,119.45292240000002,32.01570779,镇江市,118.10233329999998,32.54422643,滁州市
485,310000,341100,0.0047418042086064816,121.4841515,31.21193692,上海市,118.10233329999998,32.54422643,滁州市
486,330100,341100,0.006825659889727831,119.4708146,29.89986219,杭州市,118.10233329999998,32.54422643,滁州市
487,330500,341100,0.01004677265882492,119.8687764,30.74481198,湖州市,118.10233329999998,32.54422643,滁州市
488,330400,341100,0.004559218883514404,120.7790269,30.62192563,嘉兴市,118.10233329999998,32.54422643,滁州市
489,330700,341100,0.0027526358608156443,119.9522159,29.11710724,金华市,118.10233329999998,32.54422643,滁州市
490,330200,341100,0.0015609681140631437,121.4789837,29.73047805,宁波市,118.10233329999998,32.54422643,滁州市
491,330600,341100,0.0024927249178290367,120.6365604,29.7346077,绍兴市,118.10233329999998,32.54422643,滁州市
492,331000,341100,0.001197606441564858,121.1372207,28.75727043,台州市,118.10233329999998,32.54422643,滁州市
493,330900,341100,0.0016729524359107018,122.1820674,30.1180369,舟山市,118.10233329999998,32.54422643,滁州市
494,340800,320900,0.0018009745981544256,116.4859918,30.57552958,安庆市,120.1948612,33.51415001,盐城市
495,341700,320900,0.0017459506634622812,117.3641746,30.28325848,池州市,120.1948612,33.51415001,盐城市
496,341100,320900,0.027401583269238472,118.10233329999998,32.54422643,滁州市,120.1948612,33.51415001,盐城市
497,340100,320900,0.006687987595796585,117.3550905,31.76262308,合肥市,120.1948612,33.51415001,盐城市
498,340500,320900,0.008899778127670288,118.3652036,31.63860487,马鞍山市,120.1948612,33.51415001,盐城市
499,340700,320900,0.0027065128087997437,117.5556273,30.88462337,铜陵市,120.1948612,33.51415001,盐城市
500,340200,320900,0.004551319405436516,118.1348385,31.16236504,芜湖市,120.1948612,33.51415001,盐城市
501,341800,320900,0.004070436581969261,118.8517787,30.68569806,宣城市,120.1948612,33.51415001,盐城市
502,320400,320900,0.019135471433401108,119.6365424,31.62492091,常州市,120.1948612,33.51415001,盐城市
503,320100,320900,0.017299087718129158,118.8427656,31.92759114,南京市,120.1948612,33.51415001,盐城市
504,320600,320900,0.05404726788401604,121.0443682,32.18304405,南通市,120.1948612,33.51415001,盐城市
505,320500,320900,0.013522746041417122,120.6558596,31.38349196,苏州市,120.1948612,33.51415001,盐城市
506,321200,320900,0.09435325860977173,120.0563571,32.57097365,泰州市,120.1948612,33.51415001,盐城市
507,320200,320900,0.01717393472790718,120.0756925,31.52400065,无锡市,120.1948612,33.51415001,盐城市
508,320900,320900,5.2520276767609175e-06,120.1948612,33.51415001,盐城市,120.1948612,33.51415001,盐城市
509,321000,320900,0.09524616599082947,119.474472,32.73729539,扬州市,120.1948612,33.51415001,盐城市
510,321100,320900,0.028577759861946106,119.45292240000002,32.01570779,镇江市,120.1948612,33.51415001,盐城市
511,310000,320900,0.011627287603914738,121.4841515,31.21193692,上海市,120.1948612,33.51415001,盐城市
512,330100,320900,0.0022158552892506123,119.4708146,29.89986219,杭州市,120.1948612,33.51415001,盐城市
513,330500,320900,0.005296650808304548,119.8687764,30.74481198,湖州市,120.1948612,33.51415001,盐城市
514,330400,320900,0.004871547222137451,120.7790269,30.62192563,嘉兴市,120.1948612,33.51415001,盐城市
515,330700,320900,0.0011349269188940525,119.9522159,29.11710724,金华市,120.1948612,33.51415001,盐城市
516,330200,320900,0.001780318096280098,121.4789837,29.73047805,宁波市,120.1948612,33.51415001,盐城市
517,330600,320900,0.0017430612351745367,120.6365604,29.7346077,绍兴市,120.1948612,33.51415001,盐城市
518,331000,320900,0.0008684508502483368,121.1372207,28.75727043,台州市,120.1948612,33.51415001,盐城市
519,330900,320900,0.0031660920940339565,122.1820674,30.1180369,舟山市,120.1948612,33.51415001,盐城市
520,340800,320400,0.013853673823177814,116.4859918,30.57552958,安庆市,119.6365424,31.62492091,常州市
521,341700,320400,0.01954103447496891,117.3641746,30.28325848,池州市,119.6365424,31.62492091,常州市
522,341100,320400,0.05340161547064781,118.10233329999998,32.54422643,滁州市,119.6365424,31.62492091,常州市
523,340100,320400,0.031159576028585434,117.3550905,31.76262308,合肥市,119.6365424,31.62492091,常州市
524,340500,320400,0.06859654933214188,118.3652036,31.63860487,马鞍山市,119.6365424,31.62492091,常州市
525,340700,320400,0.025714557617902756,117.5556273,30.88462337,铜陵市,119.6365424,31.62492091,常州市
526,340200,320400,0.048058219254016876,118.1348385,31.16236504,芜湖市,119.6365424,31.62492091,常州市
527,341800,320400,0.06993086636066437,118.8517787,30.68569806,宣城市,119.6365424,31.62492091,常州市
528,320400,320400,5.248074899100175e-07,119.6365424,31.62492091,常州市,119.6365424,31.62492091,常州市
529,320100,320400,0.10453689843416214,118.8427656,31.92759114,南京市,119.6365424,31.62492091,常州市
530,320600,320400,0.07523982226848602,121.0443682,32.18304405,南通市,119.6365424,31.62492091,常州市
531,320500,320400,0.09024744480848312,120.6558596,31.38349196,苏州市,119.6365424,31.62492091,常州市
532,321200,320400,0.0897316187620163,120.0563571,32.57097365,泰州市,119.6365424,31.62492091,常州市
533,320200,320400,0.018745744600892067,120.0756925,31.52400065,无锡市,119.6365424,31.62492091,常州市
534,320900,320400,0.05289637669920921,120.1948612,33.51415001,盐城市,119.6365424,31.62492091,常州市
535,321000,320400,0.08134876936674118,119.474472,32.73729539,扬州市,119.6365424,31.62492091,常州市
536,321100,320400,0.057548198848962784,119.45292240000002,32.01570779,镇江市,119.6365424,31.62492091,常州市
537,310000,320400,0.047626059502363205,121.4841515,31.21193692,上海市,119.6365424,31.62492091,常州市
538,330100,320400,0.03956693410873413,119.4708146,29.89986219,杭州市,119.6365424,31.62492091,常州市
539,330500,320400,0.0880228653550148,119.8687764,30.74481198,湖州市,119.6365424,31.62492091,常州市
540,330400,320400,0.049391891807317734,120.7790269,30.62192563,嘉兴市,119.6365424,31.62492091,常州市
541,330700,320400,0.017435096204280853,119.9522159,29.11710724,金华市,119.6365424,31.62492091,常州市
542,330200,320400,0.015376430004835129,121.4789837,29.73047805,宁波市,119.6365424,31.62492091,常州市
543,330600,320400,0.022003185003995895,120.6365604,29.7346077,绍兴市,119.6365424,31.62492091,常州市
544,331000,320400,0.009756168350577354,121.1372207,28.75727043,台州市,119.6365424,31.62492091,常州市
545,330900,320400,0.016921106725931168,122.1820674,30.1180369,舟山市,119.6365424,31.62492091,常州市
546,340800,320100,0.027530863881111145,116.4859918,30.57552958,安庆市,118.8427656,31.92759114,南京市
547,341700,320100,0.03022291697561741,117.3641746,30.28325848,池州市,118.8427656,31.92759114,南京市
548,341100,320100,0.15168419480323792,118.10233329999998,32.54422643,滁州市,118.8427656,31.92759114,南京市
549,340100,320100,0.0861007571220398,117.3550905,31.76262308,合肥市,118.8427656,31.92759114,南京市
550,340500,320100,0.12763051688671112,118.3652036,31.63860487,马鞍山市,118.8427656,31.92759114,南京市
551,340700,320100,0.04824409633874893,117.5556273,30.88462337,铜陵市,118.8427656,31.92759114,南京市
552,340200,320100,0.08485287427902222,118.1348385,31.16236504,芜湖市,118.8427656,31.92759114,南京市
553,341800,320100,0.062032315880060196,118.8517787,30.68569806,宣城市,118.8427656,31.92759114,南京市
554,320400,320100,0.11552970111370087,119.6365424,31.62492091,常州市,118.8427656,31.92759114,南京市
555,320100,320100,3.154656837978109e-07,118.8427656,31.92759114,南京市,118.8427656,31.92759114,南京市
556,320600,320100,0.032575592398643494,121.0443682,32.18304405,南通市,118.8427656,31.92759114,南京市
557,320500,320100,0.03159386292099953,120.6558596,31.38349196,苏州市,118.8427656,31.92759114,南京市
558,321200,320100,0.06786541640758514,120.0563571,32.57097365,泰州市,118.8427656,31.92759114,南京市
559,320200,320100,0.06589824706315994,120.0756925,31.52400065,无锡市,118.8427656,31.92759114,南京市
560,320900,320100,0.052838243544101715,120.1948612,33.51415001,盐城市,118.8427656,31.92759114,南京市
561,321000,320100,0.10118607431650162,119.474472,32.73729539,扬州市,118.8427656,31.92759114,南京市
562,321100,320100,0.12368185818195343,119.45292240000002,32.01570779,镇江市,118.8427656,31.92759114,南京市
563,310000,320100,0.01601186767220497,121.4841515,31.21193692,上海市,118.8427656,31.92759114,南京市
564,330100,320100,0.022919071838259697,119.4708146,29.89986219,杭州市,118.8427656,31.92759114,南京市
565,330500,320100,0.038801148533821106,119.8687764,30.74481198,湖州市,118.8427656,31.92759114,南京市
566,330400,320100,0.017161380499601364,120.7790269,30.62192563,嘉兴市,118.8427656,31.92759114,南京市
567,330700,320100,0.00917684007436037,119.9522159,29.11710724,金华市,118.8427656,31.92759114,南京市
568,330200,320100,0.005707744508981705,121.4789837,29.73047805,宁波市,118.8427656,31.92759114,南京市
569,330600,320100,0.009089306928217411,120.6365604,29.7346077,绍兴市,118.8427656,31.92759114,南京市
570,331000,320100,0.004176076967269182,121.1372207,28.75727043,台州市,118.8427656,31.92759114,南京市
571,330900,320100,0.005884046200662851,122.1820674,30.1180369,舟山市,118.8427656,31.92759114,南京市
572,340800,340700,0.2259393036365509,116.4859918,30.57552958,安庆市,117.5556273,30.88462337,铜陵市
573,341700,340700,0.23999030888080597,117.3641746,30.28325848,池州市,117.5556273,30.88462337,铜陵市
574,341100,340700,0.04098794236779213,118.10233329999998,32.54422643,滁州市,117.5556273,30.88462337,铜陵市
575,340100,340700,0.1394699662923813,117.3550905,31.76262308,合肥市,117.5556273,30.88462337,铜陵市
576,340500,340700,0.07085973024368286,118.3652036,31.63860487,马鞍山市,117.5556273,30.88462337,铜陵市
577,340700,340700,1.090395380742848e-05,117.5556273,30.88462337,铜陵市,117.5556273,30.88462337,铜陵市
578,340200,340700,0.1400681883096695,118.1348385,31.16236504,芜湖市,117.5556273,30.88462337,铜陵市
579,341800,340700,0.06822250783443451,118.8517787,30.68569806,宣城市,117.5556273,30.88462337,铜陵市
580,320400,340700,0.019406409934163094,119.6365424,31.62492091,常州市,117.5556273,30.88462337,铜陵市
581,320100,340700,0.03287440165877342,118.8427656,31.92759114,南京市,117.5556273,30.88462337,铜陵市
582,320600,340700,0.004161919467151165,121.0443682,32.18304405,南通市,117.5556273,30.88462337,铜陵市
583,320500,340700,0.006121908314526081,120.6558596,31.38349196,苏州市,117.5556273,30.88462337,铜陵市
584,321200,340700,0.006864199414849281,120.0563571,32.57097365,泰州市,117.5556273,30.88462337,铜陵市
585,320200,340700,0.011608355678617954,120.0756925,31.52400065,无锡市,117.5556273,30.88462337,铜陵市
586,320900,340700,0.005645144265145063,120.1948612,33.51415001,盐城市,117.5556273,30.88462337,铜陵市
587,321000,340700,0.010416397824883461,119.474472,32.73729539,扬州市,117.5556273,30.88462337,铜陵市
588,321100,340700,0.016583912074565887,119.45292240000002,32.01570779,镇江市,117.5556273,30.88462337,铜陵市
589,310000,340700,0.0034280752297490835,121.4841515,31.21193692,上海市,117.5556273,30.88462337,铜陵市
590,330100,340700,0.02779216878116131,119.4708146,29.89986219,杭州市,117.5556273,30.88462337,铜陵市
591,330500,340700,0.01660621166229248,119.8687764,30.74481198,湖州市,117.5556273,30.88462337,铜陵市
592,330400,340700,0.006008634809404612,120.7790269,30.62192563,嘉兴市,117.5556273,30.88462337,铜陵市
593,330700,340700,0.01236523874104023,119.9522159,29.11710724,金华市,117.5556273,30.88462337,铜陵市
594,330200,340700,0.0029522147960960865,121.4789837,29.73047805,宁波市,117.5556273,30.88462337,铜陵市
595,330600,340700,0.006279291119426489,120.6365604,29.7346077,绍兴市,117.5556273,30.88462337,铜陵市
596,331000,340700,0.0038596836384385824,121.1372207,28.75727043,台州市,117.5556273,30.88462337,铜陵市
597,330900,340700,0.002163349650800228,122.1820674,30.1180369,舟山市,117.5556273,30.88462337,铜陵市
598,340800,331000,0.0015101733151823282,116.4859918,30.57552958,安庆市,121.1372207,28.75727043,台州市
599,341700,331000,0.0031113778240978718,117.3641746,30.28325848,池州市,121.1372207,28.75727043,台州市
600,341100,331000,0.000664300168864429,118.10233329999998,32.54422643,滁州市,121.1372207,28.75727043,台州市
601,340100,331000,0.0008183827740140259,117.3550905,31.76262308,合肥市,121.1372207,28.75727043,台州市
602,340500,331000,0.0013358525466173887,118.3652036,31.63860487,马鞍山市,121.1372207,28.75727043,台州市
603,340700,331000,0.001743370434269309,117.5556273,30.88462337,铜陵市,121.1372207,28.75727043,台州市
604,340200,331000,0.0018919456051662564,118.1348385,31.16236504,芜湖市,121.1372207,28.75727043,台州市
605,341800,331000,0.00619812635704875,118.8517787,30.68569806,宣城市,121.1372207,28.75727043,台州市
606,320400,331000,0.0033354484476149082,119.6365424,31.62492091,常州市,121.1372207,28.75727043,台州市
607,320100,331000,0.0012961133616045117,118.8427656,31.92759114,南京市,121.1372207,28.75727043,台州市
608,320600,331000,0.003259478835389018,121.0443682,32.18304405,南通市,121.1372207,28.75727043,台州市
609,320500,331000,0.006633660290390253,120.6558596,31.38349196,苏州市,121.1372207,28.75727043,台州市
610,321200,331000,0.0012266701087355614,120.0563571,32.57097365,泰州市,121.1372207,28.75727043,台州市
611,320200,331000,0.0044999863021075726,120.0756925,31.52400065,无锡市,121.1372207,28.75727043,台州市
612,320900,331000,0.000817210238892585,120.1948612,33.51415001,盐城市,121.1372207,28.75727043,台州市
613,321000,331000,0.0008473358466289937,119.474472,32.73729539,扬州市,121.1372207,28.75727043,台州市
614,321100,331000,0.0016721590654924512,119.45292240000002,32.01570779,镇江市,121.1372207,28.75727043,台州市
615,310000,331000,0.013100342825055122,121.4841515,31.21193692,上海市,121.1372207,28.75727043,台州市
616,330100,331000,0.03210359439253807,119.4708146,29.89986219,杭州市,121.1372207,28.75727043,台州市
617,330500,331000,0.01125815324485302,119.8687764,30.74481198,湖州市,121.1372207,28.75727043,台州市
618,330400,331000,0.022868743166327477,120.7790269,30.62192563,嘉兴市,121.1372207,28.75727043,台州市
619,330700,331000,0.1417185664176941,119.9522159,29.11710724,金华市,121.1372207,28.75727043,台州市
620,330200,331000,0.12949422001838684,121.4789837,29.73047805,宁波市,121.1372207,28.75727043,台州市
621,330600,331000,0.09615343809127808,120.6365604,29.7346077,绍兴市,121.1372207,28.75727043,台州市
622,331000,331000,2.873416178772459e-06,121.1372207,28.75727043,台州市,121.1372207,28.75727043,台州市
623,330900,331000,0.07321424782276154,122.1820674,30.1180369,舟山市,121.1372207,28.75727043,台州市
624,340800,341700,0.2817539572715759,116.4859918,30.57552958,安庆市,117.3641746,30.28325848,池州市
625,341700,341700,1.4525708138535265e-05,117.3641746,30.28325848,池州市,117.3641746,30.28325848,池州市
626,341100,341700,0.016299718990921974,118.10233329999998,32.54422643,滁州市,117.3641746,30.28325848,池州市
627,340100,341700,0.05880118906497955,117.3550905,31.76262308,合肥市,117.3641746,30.28325848,池州市
628,340500,341700,0.02957017347216606,118.3652036,31.63860487,马鞍山市,117.3641746,30.28325848,池州市
629,340700,341700,0.16355785727500916,117.5556273,30.88462337,铜陵市,117.3641746,30.28325848,池州市
630,340200,341700,0.06624068319797516,118.1348385,31.16236504,芜湖市,117.3641746,30.28325848,池州市
631,341800,341700,0.049364250153303146,118.8517787,30.68569806,宣城市,117.3641746,30.28325848,池州市
632,320400,341700,0.01011961791664362,119.6365424,31.62492091,常州市,117.3641746,30.28325848,池州市
633,320100,341700,0.014123011380434036,118.8427656,31.92759114,南京市,117.3641746,30.28325848,池州市
634,320600,341700,0.002234424464404583,121.0443682,32.18304405,南通市,117.3641746,30.28325848,池州市
635,320500,341700,0.0037488967645913363,120.6558596,31.38349196,苏州市,117.3641746,30.28325848,池州市
636,321200,341700,0.0031901109032332897,120.0563571,32.57097365,泰州市,117.3641746,30.28325848,池州市
637,320200,341700,0.0065665459260344505,120.0756925,31.52400065,无锡市,117.3641746,30.28325848,池州市
638,320900,341700,0.0024891544599086046,120.1948612,33.51415001,盐城市,117.3641746,30.28325848,池州市
639,321000,341700,0.004501195624470711,119.474472,32.73729539,扬州市,117.3641746,30.28325848,池州市
640,321100,341700,0.007774312049150467,119.45292240000002,32.01570779,镇江市,117.3641746,30.28325848,池州市
641,310000,341700,0.002287146635353565,121.4841515,31.21193692,上海市,117.3641746,30.28325848,池州市
642,330100,341700,0.03025651164352894,119.4708146,29.89986219,杭州市,117.3641746,30.28325848,池州市
643,330500,341700,0.012048822827637196,119.8687764,30.74481198,湖州市,117.3641746,30.28325848,池州市
644,330400,341700,0.004594696685671806,120.7790269,30.62192563,嘉兴市,117.3641746,30.28325848,池州市
645,330700,341700,0.016312824562191963,119.9522159,29.11710724,金华市,117.3641746,30.28325848,池州市
646,330200,341700,0.002824485069140792,121.4789837,29.73047805,宁波市,117.3641746,30.28325848,池州市
647,330600,341700,0.006352439988404512,120.6365604,29.7346077,绍兴市,117.3641746,30.28325848,池州市
648,331000,341700,0.004716119728982449,121.1372207,28.75727043,台州市,117.3641746,30.28325848,池州市
649,330900,341700,0.0018479647114872932,122.1820674,30.1180369,舟山市,117.3641746,30.28325848,池州市
650,340800,330600,0.004324423149228096,116.4859918,30.57552958,安庆市,120.6365604,29.7346077,绍兴市
651,341700,330600,0.008912479504942894,117.3641746,30.28325848,池州市,120.6365604,29.7346077,绍兴市
652,341100,330600,0.0029325128998607397,118.10233329999998,32.54422643,滁州市,120.6365604,29.7346077,绍兴市
653,340100,330600,0.003228808054700494,117.3550905,31.76262308,合肥市,120.6365604,29.7346077,绍兴市
654,340500,330600,0.005812237039208412,118.3652036,31.63860487,马鞍山市,120.6365604,29.7346077,绍兴市
655,340700,330600,0.006021107081323862,117.5556273,30.88462337,铜陵市,120.6365604,29.7346077,绍兴市
656,340200,330600,0.007524935994297266,118.1348385,31.16236504,芜湖市,120.6365604,29.7346077,绍兴市
657,341800,330600,0.02515159733593464,118.8517787,30.68569806,宣城市,120.6365604,29.7346077,绍兴市
658,320400,330600,0.015928443521261215,119.6365424,31.62492091,常州市,120.6365604,29.7346077,绍兴市
659,320100,330600,0.005984709598124027,118.8427656,31.92759114,南京市,120.6365604,29.7346077,绍兴市
660,320600,330600,0.012987863272428513,121.0443682,32.18304405,南通市,120.6365604,29.7346077,绍兴市
661,320500,330600,0.029704682528972626,120.6558596,31.38349196,苏州市,120.6365604,29.7346077,绍兴市
662,321200,330600,0.005506914108991623,120.0563571,32.57097365,泰州市,120.6365604,29.7346077,绍兴市
663,320200,330600,0.021357299759984016,120.0756925,31.52400065,无锡市,120.6365604,29.7346077,绍兴市
664,320900,330600,0.003481445601209998,120.1948612,33.51415001,盐城市,120.6365604,29.7346077,绍兴市
665,321000,330600,0.003867155173793435,119.474472,32.73729539,扬州市,120.6365604,29.7346077,绍兴市
666,321100,330600,0.007868246175348759,119.45292240000002,32.01570779,镇江市,120.6365604,29.7346077,绍兴市
667,310000,330600,0.04478629305958748,121.4841515,31.21193692,上海市,120.6365604,29.7346077,绍兴市
668,330100,330600,0.10851874202489853,119.4708146,29.89986219,杭州市,120.6365604,29.7346077,绍兴市
669,330500,330600,0.05512235686182976,119.8687764,30.74481198,湖州市,120.6365604,29.7346077,绍兴市
670,330400,330600,0.09935537725687027,120.7790269,30.62192563,嘉兴市,120.6365604,29.7346077,绍兴市
671,330700,330600,0.19832421839237213,119.9522159,29.11710724,金华市,120.6365604,29.7346077,绍兴市
672,330200,330600,0.1911221593618393,121.4789837,29.73047805,宁波市,120.6365604,29.7346077,绍兴市
673,330600,330600,1.7608253983780742e-06,120.6365604,29.7346077,绍兴市,120.6365604,29.7346077,绍兴市
674,331000,330600,0.20414051413536072,121.1372207,28.75727043,台州市,120.6365604,29.7346077,绍兴市
675,330900,330600,0.10487145185470581,122.1820674,30.1180369,舟山市,120.6365604,29.7346077,绍兴市
676,110000,130600,0.10167653113603592,116.4126385,40.18563339,北京市,115.1711311,39.0215841,保定市
677,130600,130600,1.0011368658524589e-06,115.1711311,39.0215841,保定市,115.1711311,39.0215841,保定市
678,130900,130600,0.10491563379764557,116.765643,38.26868205,沧州市,115.1711311,39.0215841,保定市
679,130800,130600,0.02885655127465725,117.5470245,41.34722488,承德市,115.1711311,39.0215841,保定市
680,130400,130600,0.02593143656849861,114.5429506,36.55244711,邯郸市,115.1711311,39.0215841,保定市
681,131100,130600,0.11840200424194336,115.8228812,37.76257514,衡水市,115.1711311,39.0215841,保定市
682,131000,130600,0.12423530966043472,116.6282057,39.25936970000001,廊坊市,115.1711311,39.0215841,保定市
683,130300,130600,0.012970532290637493,119.18742009999998,40.0852429,秦皇岛市,115.1711311,39.0215841,保定市
684,130100,130600,0.22419941425323486,114.4394938,38.13053735,石家庄市,115.1711311,39.0215841,保定市
685,130200,130600,0.02278076857328415,118.3323049,39.70886152,唐山市,115.1711311,39.0215841,保定市
686,130500,130600,0.060008659958839417,114.8166568,37.2122495,邢台市,115.1711311,39.0215841,保定市
687,130700,130600,0.14967554807662964,115.0318418,40.86491896,张家口市,115.1711311,39.0215841,保定市
688,410500,130600,0.015624403953552246,114.3535494,35.87703964,安阳市,115.1711311,39.0215841,保定市
689,120000,130600,0.059493668377399445,117.341577,39.28377537,天津市,115.1711311,39.0215841,保定市
690,110000,130200,0.0964471623301506,116.4126385,40.18563339,北京市,118.3323049,39.70886152,唐山市
691,130600,130200,0.02256847359240055,115.1711311,39.0215841,保定市,118.3323049,39.70886152,唐山市
692,130900,130200,0.05526052415370941,116.765643,38.26868205,沧州市,118.3323049,39.70886152,唐山市
693,130800,130200,0.17264239490032196,117.5470245,41.34722488,承德市,118.3323049,39.70886152,唐山市
694,130400,130200,0.001878899522125721,114.5429506,36.55244711,邯郸市,118.3323049,39.70886152,唐山市
695,131100,130200,0.014771362766623497,115.8228812,37.76257514,衡水市,118.3323049,39.70886152,唐山市
696,131000,130200,0.08883132040500641,116.6282057,39.25936970000001,廊坊市,118.3323049,39.70886152,唐山市
697,130300,130200,0.5197585821151733,119.18742009999998,40.0852429,秦皇岛市,118.3323049,39.70886152,唐山市
698,130100,130200,0.006984605919569731,114.4394938,38.13053735,石家庄市,118.3323049,39.70886152,唐山市
699,130200,130200,9.611221685190685e-07,118.3323049,39.70886152,唐山市,118.3323049,39.70886152,唐山市
700,130500,130200,0.003810823429375887,114.8166568,37.2122495,邢台市,118.3323049,39.70886152,唐山市
701,130700,130200,0.03824350982904434,115.0318418,40.86491896,张家口市,118.3323049,39.70886152,唐山市
702,410500,130200,0.0013070621062070131,114.3535494,35.87703964,安阳市,118.3323049,39.70886152,唐山市
703,120000,130200,0.1982467621564865,117.341577,39.28377537,天津市,118.3323049,39.70886152,唐山市
704,110000,130100,0.020875293761491776,116.4126385,40.18563339,北京市,114.4394938,38.13053735,石家庄市
705,130600,130100,0.201292484998703,115.1711311,39.0215841,保定市,114.4394938,38.13053735,石家庄市
706,130900,130100,0.059139952063560486,116.765643,38.26868205,沧州市,114.4394938,38.13053735,石家庄市
707,130800,130100,0.006283899303525686,117.5470245,41.34722488,承德市,114.4394938,38.13053735,石家庄市
708,130400,130100,0.10535217821598053,114.5429506,36.55244711,邯郸市,114.4394938,38.13053735,石家庄市
709,131100,130100,0.1596136838197708,115.8228812,37.76257514,衡水市,114.4394938,38.13053735,石家庄市
710,131000,130100,0.03258727863430977,116.6282057,39.25936970000001,廊坊市,114.4394938,38.13053735,石家庄市
711,130300,130100,0.0036044586449861526,119.18742009999998,40.0852429,秦皇岛市,114.4394938,38.13053735,石家庄市
712,130100,130100,1.4899176221661037e-06,114.4394938,38.13053735,石家庄市,114.4394938,38.13053735,石家庄市
713,130200,130100,0.006346438080072403,118.3323049,39.70886152,唐山市,114.4394938,38.13053735,石家庄市
714,130500,130100,0.21420592069625854,114.8166568,37.2122495,邢台市,114.4394938,38.13053735,石家庄市
715,130700,130100,0.03783152997493744,115.0318418,40.86491896,张家口市,114.4394938,38.13053735,石家庄市
716,410500,130100,0.06291142851114273,114.3535494,35.87703964,安阳市,114.4394938,38.13053735,石家庄市
717,120000,130100,0.016958432272076607,117.341577,39.28377537,天津市,114.4394938,38.13053735,石家庄市
718,110000,130700,0.14840851724147797,116.4126385,40.18563339,北京市,115.0318418,40.86491896,张家口市
719,130600,130700,0.06308280676603317,115.1711311,39.0215841,保定市,115.0318418,40.86491896,张家口市
720,130900,130700,0.011917886324226856,116.765643,38.26868205,沧州市,115.0318418,40.86491896,张家口市
721,130800,130700,0.12437059730291367,117.5470245,41.34722488,承德市,115.0318418,40.86491896,张家口市
722,130400,130700,0.0019036143785342574,114.5429506,36.55244711,邯郸市,115.0318418,40.86491896,张家口市
723,131100,130700,0.00819517020136118,115.8228812,37.76257514,衡水市,115.0318418,40.86491896,张家口市
724,131000,130700,0.03420542553067207,116.6282057,39.25936970000001,廊坊市,115.0318418,40.86491896,张家口市
725,130300,130700,0.01333301980048418,119.18742009999998,40.0852429,秦皇岛市,115.0318418,40.86491896,张家口市
726,130100,130700,0.01770598068833351,114.4394938,38.13053735,石家庄市,115.0318418,40.86491896,张家口市
727,130200,130700,0.016262076795101166,118.3323049,39.70886152,唐山市,115.0318418,40.86491896,张家口市
728,130500,130700,0.004133584909141064,114.8166568,37.2122495,邢台市,115.0318418,40.86491896,张家口市
729,130700,130700,2.9683023967663758e-06,115.0318418,40.86491896,张家口市,115.0318418,40.86491896,张家口市
730,410500,130700,0.0011961109703406692,114.3535494,35.87703964,安阳市,115.0318418,40.86491896,张家口市
731,120000,130700,0.021857088431715965,117.341577,39.28377537,天津市,115.0318418,40.86491896,张家口市
732,110000,130800,0.10905072838068008,116.4126385,40.18563339,北京市,117.5470245,41.34722488,承德市
733,130600,130800,0.01210019737482071,115.1711311,39.0215841,保定市,117.5470245,41.34722488,承德市
734,130900,130800,0.008527850732207298,116.765643,38.26868205,沧州市,117.5470245,41.34722488,承德市
735,130800,130800,8.974943739303853e-06,117.5470245,41.34722488,承德市,117.5470245,41.34722488,承德市
736,130400,130800,0.00045673197018913925,114.5429506,36.55244711,邯郸市,117.5470245,41.34722488,承德市
737,131100,130800,0.0031136805191636086,115.8228812,37.76257514,衡水市,117.5470245,41.34722488,承德市
738,131000,130800,0.025377942249178886,116.6282057,39.25936970000001,廊坊市,117.5470245,41.34722488,承德市
739,130300,130800,0.1147976815700531,119.18742009999998,40.0852429,秦皇岛市,117.5470245,41.34722488,承德市
740,130100,130800,0.002931955037638545,114.4394938,38.13053735,石家庄市,117.5470245,41.34722488,承德市
741,130200,130800,0.07294654846191406,118.3323049,39.70886152,唐山市,117.5470245,41.34722488,承德市
742,130500,130800,0.0010055139428004622,114.8166568,37.2122495,邢台市,117.5470245,41.34722488,承德市
743,130700,130800,0.12383750081062317,115.0318418,40.86491896,张家口市,117.5470245,41.34722488,承德市
744,410500,130800,0.00029280807939358056,114.3535494,35.87703964,安阳市,117.5470245,41.34722488,承德市
745,120000,130800,0.03347219526767731,117.341577,39.28377537,天津市,117.5470245,41.34722488,承德市
746,110000,130500,0.007770483382046223,116.4126385,40.18563339,北京市,114.8166568,37.2122495,邢台市
747,130600,130500,0.06254245340824127,115.1711311,39.0215841,保定市,114.8166568,37.2122495,邢台市
748,130900,130500,0.054508522152900696,116.765643,38.26868205,沧州市,114.8166568,37.2122495,邢台市
749,130800,130500,0.002517344430088997,117.5470245,41.34722488,承德市,114.8166568,37.2122495,邢台市
750,130400,130500,0.35741129517555237,114.5429506,36.55244711,邯郸市,114.8166568,37.2122495,邢台市
751,131100,130500,0.20111584663391113,115.8228812,37.76257514,衡水市,114.8166568,37.2122495,邢台市
752,131000,130500,0.016432231292128563,116.6282057,39.25936970000001,廊坊市,114.8166568,37.2122495,邢台市
753,130300,130500,0.0023561271373182535,119.18742009999998,40.0852429,秦皇岛市,114.8166568,37.2122495,邢台市
754,130100,130500,0.24910497665405273,114.4394938,38.13053735,石家庄市,114.8166568,37.2122495,邢台市
755,130200,130500,0.004034843761473894,118.3323049,39.70886152,唐山市,114.8166568,37.2122495,邢台市
756,130500,130500,2.2954909582040273e-06,114.8166568,37.2122495,邢台市,114.8166568,37.2122495,邢台市
757,130700,130500,0.010284198448061943,115.0318418,40.86491896,张家口市,114.8166568,37.2122495,邢台市
758,410500,130500,0.2255265712738037,114.3535494,35.87703964,安阳市,114.8166568,37.2122495,邢台市
759,120000,130500,0.010324540548026562,117.341577,39.28377537,天津市,114.8166568,37.2122495,邢台市
760,110000,120000,0.17327068746089935,116.4126385,40.18563339,北京市,117.341577,39.28377537,天津市
761,130600,120000,0.08019134402275085,115.1711311,39.0215841,保定市,117.341577,39.28377537,天津市
762,130900,120000,0.1770438551902771,116.765643,38.26868205,沧州市,117.341577,39.28377537,天津市
763,130800,120000,0.10732217878103256,117.5470245,41.34722488,承德市,117.341577,39.28377537,天津市
764,130400,120000,0.006231585517525673,114.5429506,36.55244711,邯郸市,117.341577,39.28377537,天津市
765,131100,120000,0.05142199993133545,115.8228812,37.76257514,衡水市,117.341577,39.28377537,天津市
766,131000,120000,0.25752002000808716,116.6282057,39.25936970000001,廊坊市,117.341577,39.28377537,天津市
767,130300,120000,0.14940017461776733,119.18742009999998,40.0852429,秦皇岛市,117.341577,39.28377537,天津市
768,130100,120000,0.02530054748058319,114.4394938,38.13053735,石家庄市,117.341577,39.28377537,天津市
769,130200,120000,0.2668336033821106,118.3323049,39.70886152,唐山市,117.341577,39.28377537,天津市
770,130500,120000,0.013215744867920876,114.8166568,37.2122495,邢台市,117.341577,39.28377537,天津市
771,130700,120000,0.0697726458311081,115.0318418,40.86491896,张家口市,117.341577,39.28377537,天津市
772,410500,120000,0.004127725958824158,114.3535494,35.87703964,安阳市,117.341577,39.28377537,天津市
773,120000,120000,5.132604314894706e-07,117.341577,39.28377537,天津市,117.341577,39.28377537,天津市
774,110000,130300,0.039180006831884384,116.4126385,40.18563339,北京市,119.18742009999998,40.0852429,秦皇岛市
775,130600,130300,0.007545063737779856,115.1711311,39.0215841,保定市,119.18742009999998,40.0852429,秦皇岛市
776,130900,130300,0.018278712406754494,116.765643,38.26868205,沧州市,119.18742009999998,40.0852429,秦皇岛市
777,130800,130300,0.15979710221290588,117.5470245,41.34722488,承德市,119.18742009999998,40.0852429,秦皇岛市
778,130400,130300,0.0006597196334041655,114.5429506,36.55244711,邯郸市,119.18742009999998,40.0852429,秦皇岛市
779,131100,130300,0.004955738317221403,115.8228812,37.76257514,衡水市,119.18742009999998,40.0852429,秦皇岛市
780,131000,130300,0.027967344969511032,116.6282057,39.25936970000001,廊坊市,119.18742009999998,40.0852429,秦皇岛市
781,130300,130300,1.1203727808606345e-05,119.18742009999998,40.0852429,秦皇岛市,119.18742009999998,40.0852429,秦皇岛市
782,130100,130300,0.0023306289222091436,114.4394938,38.13053735,石家庄市,119.18742009999998,40.0852429,秦皇岛市
783,130200,130300,0.30336153507232666,118.3323049,39.70886152,唐山市,119.18742009999998,40.0852429,秦皇岛市
784,130500,130300,0.001303711673244834,114.8166568,37.2122495,邢台市,119.18742009999998,40.0852429,秦皇岛市
785,130700,130300,0.018437296152114868,115.0318418,40.86491896,张家口市,119.18742009999998,40.0852429,秦皇岛市
786,410500,130300,0.00046978704631328583,114.3535494,35.87703964,安阳市,119.18742009999998,40.0852429,秦皇岛市
787,120000,130300,0.0646553710103035,117.341577,39.28377537,天津市,119.18742009999998,40.0852429,秦皇岛市
788,110000,131000,0.22426550090312958,116.4126385,40.18563339,北京市,116.6282057,39.25936970000001,廊坊市
789,130600,131000,0.17390207946300507,115.1711311,39.0215841,保定市,116.6282057,39.25936970000001,廊坊市
790,130900,131000,0.20080681145191193,116.765643,38.26868205,沧州市,116.6282057,39.25936970000001,廊坊市
791,130800,131000,0.08462680876255035,117.5470245,41.34722488,承德市,116.6282057,39.25936970000001,廊坊市
792,130400,131000,0.009937655180692673,114.5429506,36.55244711,邯郸市,116.6282057,39.25936970000001,廊坊市
793,131100,131000,0.07807312905788422,115.8228812,37.76257514,衡水市,116.6282057,39.25936970000001,廊坊市
794,131000,131000,1.3068055295661907e-06,116.6282057,39.25936970000001,廊坊市,116.6282057,39.25936970000001,廊坊市
795,130300,131000,0.06710243225097656,119.18742009999998,40.0852429,秦皇岛市,116.6282057,39.25936970000001,廊坊市
796,130100,131000,0.050642527639865875,114.4394938,38.13053735,石家庄市,116.6282057,39.25936970000001,廊坊市
797,130200,131000,0.12473290413618088,118.3323049,39.70886152,唐山市,116.6282057,39.25936970000001,廊坊市
798,130500,131000,0.02200232818722725,114.8166568,37.2122495,邢台市,116.6282057,39.25936970000001,廊坊市
799,130700,131000,0.11351955682039261,115.0318418,40.86491896,张家口市,116.6282057,39.25936970000001,廊坊市
800,410500,131000,0.0063053700141608715,114.3535494,35.87703964,安阳市,116.6282057,39.25936970000001,廊坊市
801,120000,131000,0.2689070999622345,117.341577,39.28377537,天津市,116.6282057,39.25936970000001,廊坊市
802,110000,130400,0.0028600706718862057,116.4126385,40.18563339,北京市,114.5429506,36.55244711,邯郸市
803,130600,130400,0.022575663402676582,115.1711311,39.0215841,保定市,114.5429506,36.55244711,邯郸市
804,130900,130400,0.022680670022964478,116.765643,38.26868205,沧州市,114.5429506,36.55244711,邯郸市
805,130800,130400,0.0009517239523120224,117.5470245,41.34722488,承德市,114.5429506,36.55244711,邯郸市
806,130400,130400,1.8791520233207848e-06,114.5429506,36.55244711,邯郸市,114.5429506,36.55244711,邯郸市
807,131100,130400,0.082440085709095,115.8228812,37.76257514,衡水市,114.5429506,36.55244711,邯郸市
808,131000,130400,0.006183039862662554,116.6282057,39.25936970000001,廊坊市,114.5429506,36.55244711,邯郸市
809,130300,130400,0.0009922338649630547,119.18742009999998,40.0852429,秦皇岛市,114.5429506,36.55244711,邯郸市
810,130100,130400,0.10163101553916931,114.4394938,38.13053735,石家庄市,114.5429506,36.55244711,邯郸市
811,130200,130400,0.0016627145232632756,118.3323049,39.70886152,唐山市,114.5429506,36.55244711,邯郸市
812,130500,130400,0.2985936999320984,114.8166568,37.2122495,邢台市,114.5429506,36.55244711,邯郸市
813,130700,130400,0.003959386609494686,115.0318418,40.86491896,张家口市,114.5429506,36.55244711,邯郸市
814,410500,130400,0.597819983959198,114.3535494,35.87703964,安阳市,114.5429506,36.55244711,邯郸市
815,120000,130400,0.00405998295173049,117.341577,39.28377537,天津市,114.5429506,36.55244711,邯郸市
816,110000,410500,0.001073788502253592,116.4126385,40.18563339,北京市,114.3535494,35.87703964,安阳市
817,130600,410500,0.00817895494401455,115.1711311,39.0215841,保定市,114.3535494,35.87703964,安阳市
818,130900,410500,0.009294734336435795,116.765643,38.26868205,沧州市,114.3535494,35.87703964,安阳市
819,130800,410500,0.00036722017102874815,117.5470245,41.34722488,承德市,114.3535494,35.87703964,安阳市
820,130400,410500,0.35897305607795715,114.5429506,36.55244711,邯郸市,114.3535494,35.87703964,安阳市
821,131100,410500,0.031274329870939255,115.8228812,37.76257514,衡水市,114.3535494,35.87703964,安阳市
822,131000,410500,0.00236148270778358,116.6282057,39.25936970000001,廊坊市,114.3535494,35.87703964,安阳市
823,130300,410500,0.000425790436565876,119.18742009999998,40.0852429,秦皇岛市,114.3535494,35.87703964,安阳市
824,130100,410500,0.03659841790795326,114.4394938,38.13053735,石家庄市,114.3535494,35.87703964,安阳市
825,130200,410500,0.0006956441793590784,118.3323049,39.70886152,唐山市,114.3535494,35.87703964,安阳市
826,130500,410500,0.11286550015211105,114.8166568,37.2122495,邢台市,114.3535494,35.87703964,安阳市
827,130700,410500,0.0014964108122512698,115.0318418,40.86491896,张家口市,114.3535494,35.87703964,安阳市
828,410500,410500,6.758909421478165e-06,114.3535494,35.87703964,安阳市,114.3535494,35.87703964,安阳市
829,120000,410500,0.0016263659344986081,117.341577,39.28377537,天津市,114.3535494,35.87703964,安阳市
830,110000,131100,0.023110250011086464,116.4126385,40.18563339,北京市,115.8228812,37.76257514,衡水市
831,130600,131100,0.12476760149002075,115.1711311,39.0215841,保定市,115.8228812,37.76257514,衡水市
832,130900,131100,0.2240043729543686,116.765643,38.26868205,沧州市,115.8228812,37.76257514,衡水市
833,130800,131100,0.00791935808956623,117.5470245,41.34722488,承德市,115.8228812,37.76257514,衡水市
834,130400,131100,0.10015914589166641,114.5429506,36.55244711,邯郸市,115.8228812,37.76257514,衡水市
835,131100,131100,2.921843588410411e-06,115.8228812,37.76257514,衡水市,115.8228812,37.76257514,衡水市
836,131000,131100,0.05893612653017044,116.6282057,39.25936970000001,廊坊市,115.8228812,37.76257514,衡水市
837,130300,131100,0.009065147489309311,119.18742009999998,40.0852429,秦皇岛市,115.8228812,37.76257514,衡水市
838,130100,131100,0.1880456954240799,114.4394938,38.13053735,石家庄市,115.8228812,37.76257514,衡水市
839,130200,131100,0.015863630920648575,118.3323049,39.70886152,唐山市,115.8228812,37.76257514,衡水市
840,130500,131100,0.20560985803604126,114.8166568,37.2122495,邢台市,115.8228812,37.76257514,衡水市
841,130700,131100,0.020676085725426674,115.0318418,40.86491896,张家口市,115.8228812,37.76257514,衡水市
842,410500,131100,0.06342611461877823,114.3535494,35.87703964,安阳市,115.8228812,37.76257514,衡水市
843,120000,131100,0.04029085114598274,117.341577,39.28377537,天津市,115.8228812,37.76257514,衡水市
844,110000,130900,0.05201081559062004,116.4126385,40.18563339,北京市,116.765643,38.26868205,沧州市
845,130600,130900,0.11059591174125671,115.1711311,39.0215841,保定市,116.765643,38.26868205,沧州市
846,130900,130900,1.547103124721616e-06,116.765643,38.26868205,沧州市,116.765643,38.26868205,沧州市
847,130800,130900,0.021534088999032974,117.5470245,41.34722488,承德市,116.765643,38.26868205,沧州市
848,130400,130900,0.027567746117711067,114.5429506,36.55244711,邯郸市,116.765643,38.26868205,沧州市
849,131100,130900,0.22300483286380768,115.8228812,37.76257514,衡水市,116.765643,38.26868205,沧州市
850,131000,130900,0.15221421420574188,116.6282057,39.25936970000001,廊坊市,116.765643,38.26868205,沧州市
851,130300,130900,0.03326818719506264,119.18742009999998,40.0852429,秦皇岛市,116.765643,38.26868205,沧州市
852,130100,130900,0.06940826028585434,114.4394938,38.13053735,石家庄市,116.765643,38.26868205,沧州市
853,130200,130900,0.058801546692848206,118.3323049,39.70886152,唐山市,116.765643,38.26868205,沧州市
854,130500,130900,0.055201370269060135,114.8166568,37.2122495,邢台市,116.765643,38.26868205,沧州市
855,130700,130900,0.029980329796671867,115.0318418,40.86491896,张家口市,116.765643,38.26868205,沧州市
856,410500,130900,0.018792571499943733,114.3535494,35.87703964,安阳市,116.765643,38.26868205,沧州市
857,120000,130900,0.13995905220508575,117.341577,39.28377537,天津市,116.765643,38.26868205,沧州市
858,110000,110000,1.8141837188068166e-07,116.4126385,40.18563339,北京市,116.4126385,40.18563339,北京市
859,130600,110000,0.11065604537725449,115.1711311,39.0215841,保定市,116.4126385,40.18563339,北京市
860,130900,110000,0.05361897870898247,116.765643,38.26868205,沧州市,116.4126385,40.18563339,北京市
861,130800,110000,0.28280171751976013,117.5470245,41.34722488,承德市,116.4126385,40.18563339,北京市
862,130400,110000,0.0035350911784917116,114.5429506,36.55244711,邯郸市,116.4126385,40.18563339,北京市
863,131100,110000,0.023615216836333275,115.8228812,37.76257514,衡水市,116.4126385,40.18563339,北京市
864,131000,110000,0.17314690351486206,116.6282057,39.25936970000001,廊坊市,116.4126385,40.18563339,北京市
865,130300,110000,0.0729144737124443,119.18742009999998,40.0852429,秦皇岛市,116.4126385,40.18563339,北京市
866,130100,110000,0.025114521384239197,114.4394938,38.13053735,石家庄市,116.4126385,40.18563339,北京市
867,130200,110000,0.1056767925620079,118.3323049,39.70886152,唐山市,116.4126385,40.18563339,北京市
868,130500,110000,0.008040986023843288,114.8166568,37.2122495,邢台市,116.4126385,40.18563339,北京市
869,130700,110000,0.3822830319404602,115.0318418,40.86491896,张家口市,116.4126385,40.18563339,北京市
870,410500,110000,0.002193253021687269,114.3535494,35.87703964,安阳市,116.4126385,40.18563339,北京市
871,120000,110000,0.1401481032371521,117.341577,39.28377537,天津市,116.4126385,40.18563339,北京市
872,441900,440600,0.1468827873468399,113.874986,22.9345278,东莞市,112.944453,23.00652761,佛山市
873,440600,440600,8.242693070314999e-07,112.944453,23.00652761,佛山市,112.944453,23.00652761,佛山市
874,440100,440600,0.18171271681785583,113.5390412,23.33085285,广州市,112.944453,23.00652761,佛山市
875,441300,440600,0.0806318148970604,114.50270259999998,23.23510341,惠州市,112.944453,23.00652761,佛山市
876,440700,440600,0.19074372947216034,112.6725521,22.26739023,江门市,112.944453,23.00652761,佛山市
877,440300,440600,0.11337249726057053,114.1371684,22.64531697,深圳市,112.944453,23.00652761,佛山市
878,441200,440600,0.2927570044994354,112.2053303,23.53770546,肇庆市,112.944453,23.00652761,佛山市
879,442000,440600,0.17585819959640503,113.393566,22.51990101,中山市,112.944453,23.00652761,佛山市
880,440400,440600,0.15404853224754333,113.3622223,22.15191816,珠海市,112.944453,23.00652761,佛山市
881,441900,441300,0.19184032082557678,113.874986,22.9345278,东莞市,114.50270259999998,23.23510341,惠州市
882,440600,441300,0.054625723510980606,112.944453,23.00652761,佛山市,114.50270259999998,23.23510341,惠州市
883,440100,441300,0.1315399557352066,113.5390412,23.33085285,广州市,114.50270259999998,23.23510341,惠州市
884,441300,441300,2.5086960704356898e-06,114.50270259999998,23.23510341,惠州市,114.50270259999998,23.23510341,惠州市
885,440700,441300,0.03440043330192566,112.6725521,22.26739023,江门市,114.50270259999998,23.23510341,惠州市
886,440300,441300,0.21371620893478394,114.1371684,22.64531697,深圳市,114.50270259999998,23.23510341,惠州市
887,441200,441300,0.044270165264606476,112.2053303,23.53770546,肇庆市,114.50270259999998,23.23510341,惠州市
888,442000,441300,0.07406200468540192,113.393566,22.51990101,中山市,114.50270259999998,23.23510341,惠州市
889,440400,441300,0.06572802364826202,113.3622223,22.15191816,珠海市,114.50270259999998,23.23510341,惠州市
890,441900,441200,0.045441433787345886,113.874986,22.9345278,东莞市,112.2053303,23.53770546,肇庆市
891,440600,441200,0.1276346743106842,112.944453,23.00652761,佛山市,112.2053303,23.53770546,肇庆市
892,440100,441200,0.07998289912939072,113.5390412,23.33085285,广州市,112.2053303,23.53770546,肇庆市
893,441300,441200,0.028314750641584396,114.50270259999998,23.23510341,惠州市,112.2053303,23.53770546,肇庆市
894,440700,441200,0.08484524488449097,112.6725521,22.26739023,江门市,112.2053303,23.53770546,肇庆市
895,440300,441200,0.03200940787792206,114.1371684,22.64531697,深圳市,112.2053303,23.53770546,肇庆市
896,441200,441200,4.658522357203765e-06,112.2053303,23.53770546,肇庆市,112.2053303,23.53770546,肇庆市
897,442000,441200,0.05087772756814957,113.393566,22.51990101,中山市,112.2053303,23.53770546,肇庆市
898,440400,441200,0.04549149423837662,113.3622223,22.15191816,珠海市,112.2053303,23.53770546,肇庆市
899,441900,440400,0.1340746432542801,113.874986,22.9345278,东莞市,113.3622223,22.15191816,珠海市
900,440600,440400,0.11493272334337234,112.944453,23.00652761,佛山市,113.3622223,22.15191816,珠海市
901,440100,440400,0.08633890748023987,113.5390412,23.33085285,广州市,113.3622223,22.15191816,珠海市
902,441300,440400,0.07229248434305191,114.50270259999998,23.23510341,惠州市,113.3622223,22.15191816,珠海市
903,440700,440400,0.22320853173732758,112.6725521,22.26739023,江门市,113.3622223,22.15191816,珠海市
904,440300,440400,0.16586288809776306,114.1371684,22.64531697,深圳市,113.3622223,22.15191816,珠海市
905,441200,440400,0.07823020964860916,112.2053303,23.53770546,肇庆市,113.3622223,22.15191816,珠海市
906,442000,440400,0.05777362734079361,113.393566,22.51990101,中山市,113.3622223,22.15191816,珠海市
907,440400,440400,3.392847929717391e-06,113.3622223,22.15191816,珠海市,113.3622223,22.15191816,珠海市
908,441900,442000,0.19890433549880981,113.874986,22.9345278,东莞市,113.393566,22.51990101,中山市
909,440600,442000,0.1694222092628479,112.944453,23.00652761,佛山市,113.393566,22.51990101,中山市
910,440100,442000,0.14205913245677948,113.5390412,23.33085285,广州市,113.393566,22.51990101,中山市
911,441300,442000,0.10599817335605621,114.50270259999998,23.23510341,惠州市,113.393566,22.51990101,中山市
912,440700,442000,0.2031238079071045,112.6725521,22.26739023,江门市,113.393566,22.51990101,中山市
913,440300,442000,0.20578937232494354,114.1371684,22.64531697,深圳市,113.393566,22.51990101,中山市
914,441200,442000,0.11368067562580109,112.2053303,23.53770546,肇庆市,113.393566,22.51990101,中山市
915,442000,442000,2.254906121379463e-06,113.393566,22.51990101,中山市,113.393566,22.51990101,中山市
916,440400,442000,0.06951247155666351,113.3622223,22.15191816,珠海市,113.393566,22.51990101,中山市
917,441900,441900,1.4300596831162693e-06,113.874986,22.9345278,东莞市,113.874986,22.9345278,东莞市
918,440600,441900,0.12832540273666382,112.944453,23.00652761,佛山市,113.874986,22.9345278,东莞市
919,440100,441900,0.1705426722764969,113.5390412,23.33085285,广州市,113.874986,22.9345278,东莞市
920,441300,441900,0.24558736383914948,114.50270259999998,23.23510341,惠州市,113.874986,22.9345278,东莞市
921,440700,441900,0.0914686918258667,112.6725521,22.26739023,江门市,113.874986,22.9345278,东莞市
922,440300,441900,0.02192704938352108,114.1371684,22.64531697,深圳市,113.874986,22.9345278,东莞市
923,441200,441900,0.09119221568107605,112.2053303,23.53770546,肇庆市,113.874986,22.9345278,东莞市
924,442000,441900,0.17882634699344635,113.393566,22.51990101,中山市,113.874986,22.9345278,东莞市
925,440400,441900,0.15696650743484497,113.3622223,22.15191816,珠海市,113.874986,22.9345278,东莞市
926,441900,440700,0.0785171166062355,113.874986,22.9345278,东莞市,112.6725521,22.26739023,江门市
927,440600,440700,0.14336511492729187,112.944453,23.00652761,佛山市,112.6725521,22.26739023,江门市
928,440100,440700,0.07112082839012146,113.5390412,23.33085285,广州市,112.6725521,22.26739023,江门市
929,441300,440700,0.03788613900542259,114.50270259999998,23.23510341,惠州市,112.6725521,22.26739023,江门市
930,440700,440700,1.0498066558284336e-06,112.6725521,22.26739023,江门市,112.6725521,22.26739023,江门市
931,440300,440700,0.07808910310268402,114.1371684,22.64531697,深圳市,112.6725521,22.26739023,江门市
932,441200,440700,0.14617954194545746,112.2053303,23.53770546,肇庆市,112.6725521,22.26739023,江门市
933,442000,440700,0.15807278454303741,113.393566,22.51990101,中山市,112.6725521,22.26739023,江门市
934,440400,440700,0.22589102387428284,113.3622223,22.15191816,珠海市,112.6725521,22.26739023,江门市
935,441900,440300,0.023424718528985977,113.874986,22.9345278,东莞市,114.1371684,22.64531697,深圳市
936,440600,440300,0.08765240758657455,112.944453,23.00652761,佛山市,114.1371684,22.64531697,深圳市
937,440100,440300,0.13670261204242706,113.5390412,23.33085285,广州市,114.1371684,22.64531697,深圳市
938,441300,440300,0.24435393512248993,114.50270259999998,23.23510341,惠州市,114.1371684,22.64531697,深圳市
939,440700,440300,0.08094465732574463,112.6725521,22.26739023,江门市,114.1371684,22.64531697,深圳市
940,440300,440300,4.655413192722335e-07,114.1371684,22.64531697,深圳市,114.1371684,22.64531697,深圳市
941,441200,440300,0.05703110992908478,112.2053303,23.53770546,肇庆市,114.1371684,22.64531697,深圳市
942,442000,440300,0.1647801399230957,113.393566,22.51990101,中山市,114.1371684,22.64531697,深圳市
943,440400,440300,0.17145073413848877,113.3622223,22.15191816,珠海市,114.1371684,22.64531697,深圳市
944,441900,440100,0.18091322481632233,113.874986,22.9345278,东莞市,113.5390412,23.33085285,广州市
945,440600,440100,0.17404086887836456,112.944453,23.00652761,佛山市,113.5390412,23.33085285,广州市
946,440100,440100,2.2878727179431735e-07,113.5390412,23.33085285,广州市,113.5390412,23.33085285,广州市
947,441300,440100,0.18493273854255676,114.50270259999998,23.23510341,惠州市,113.5390412,23.33085285,广州市
948,440700,440100,0.09126386791467667,112.6725521,22.26739023,江门市,113.5390412,23.33085285,广州市
949,440300,440100,0.1692330241203308,114.1371684,22.64531697,深圳市,113.5390412,23.33085285,广州市
950,441200,440100,0.17665447294712067,112.2053303,23.53770546,肇庆市,113.5390412,23.33085285,广州市
951,442000,440100,0.13974685966968536,113.393566,22.51990101,中山市,113.5390412,23.33085285,广州市
952,440400,440100,0.11090772598981857,113.3622223,22.15191816,珠海市,113.5390412,23.33085285,广州市
